# じゃらんエリアダッシュボード／予約状況／カレンダー 日別データ【宿泊】,,,,,,,,,,,,,
# データソース: https://prod-apnortheast-a.online.tableau.com/#/site/jalanareadashboard/views/ver_2/sheet0,,,,,,,,,,,,,
# 比較年: 1年前（前年同月日との比較）,,,,,,,,,,,,,
# 取扱額の単位は万円、人数=宿泊人泊数、単価=宿泊人泊単価（円）,,,,,,,,,,,,,
# 比較年実績/比較年予約 セルは「値 (前年比%)」の形式,,,,,,,,,,,,,
# 「※」は予約実績法人数1件以下または予約件数4件以下のため非公開,,,,,,,,,,,,,
予約種別,年度,比較年,日付,曜日,取扱額,取扱額_比較年実績,取扱額_比較年予約,宿泊人泊数,人泊数_比較年実績,人泊数_比較年予約,宿泊人泊単価,単価_比較年実績,単価_比較年予約
宿泊,令和6年度,1年前,2024-04-01,月,76万円,65万円 (117.0%),65万円 (117.0%),82,63 (130.2%),63 (130.2%),"9,321","10,374 (89.9%)","10,374 (89.9%)"
宿泊,令和6年度,1年前,2024-04-02,火,38万円,99万円 (39.0%),99万円 (39.0%),52,103 (50.5%),103 (50.5%),"7,388","9,564 (77.2%)","9,564 (77.2%)"
宿泊,令和6年度,1年前,2024-04-03,水,84万円,76万円 (111.6%),76万円 (111.6%),114,93 (122.6%),93 (122.6%),"7,401","8,128 (91.1%)","8,128 (91.1%)"
宿泊,令和6年度,1年前,2024-04-04,木,58万円,65万円 (88.8%),65万円 (88.8%),77,78 (98.7%),78 (98.7%),"7,510","8,346 (90.0%)","8,346 (90.0%)"
宿泊,令和6年度,1年前,2024-04-05,金,107万円,115万円 (93.4%),115万円 (93.4%),117,139 (84.2%),139 (84.2%),"9,149","8,249 (110.9%)","8,249 (110.9%)"
宿泊,令和6年度,1年前,2024-04-06,土,56万円,108万円 (51.6%),108万円 (51.6%),62,120 (51.7%),120 (51.7%),"8,985","9,004 (99.8%)","9,004 (99.8%)"
宿泊,令和6年度,1年前,2024-04-07,日,199万円,140万円 (142.0%),140万円 (142.0%),170,152 (111.8%),152 (111.8%),"11,730","9,216 (127.3%)","9,216 (127.3%)"
宿泊,令和6年度,1年前,2024-04-08,月,51万円,73万円 (69.5%),73万円 (69.5%),55,82 (67.1%),82 (67.1%),"9,231","8,910 (103.6%)","8,910 (103.6%)"
宿泊,令和6年度,1年前,2024-04-09,火,46万円,85万円 (54.5%),85万円 (54.5%),63,95 (66.3%),95 (66.3%),"7,330","8,922 (82.2%)","8,922 (82.2%)"
宿泊,令和6年度,1年前,2024-04-10,水,72万円,100万円 (71.9%),100万円 (71.9%),78,106 (73.6%),106 (73.6%),"9,216","9,428 (97.8%)","9,428 (97.8%)"
宿泊,令和6年度,1年前,2024-04-11,木,67万円,68万円 (99.4%),68万円 (99.4%),81,84 (96.4%),84 (96.4%),"8,304","8,055 (103.1%)","8,055 (103.1%)"
宿泊,令和6年度,1年前,2024-04-12,金,108万円,118万円 (91.2%),118万円 (91.2%),128,129 (99.2%),129 (99.2%),"8,414","9,150 (92.0%)","9,150 (92.0%)"
宿泊,令和6年度,1年前,2024-04-13,土,125万円,102万円 (122.4%),102万円 (122.4%),132,95 (138.9%),95 (138.9%),"9,473","10,755 (88.1%)","10,755 (88.1%)"
宿泊,令和6年度,1年前,2024-04-14,日,251万円,172万円 (145.9%),172万円 (145.9%),238,144 (165.3%),144 (165.3%),"10,563","11,969 (88.3%)","11,969 (88.3%)"
宿泊,令和6年度,1年前,2024-04-15,月,101万円,70万円 (145.1%),70万円 (145.1%),95,65 (146.2%),65 (146.2%),"10,678","10,754 (99.3%)","10,754 (99.3%)"
宿泊,令和6年度,1年前,2024-04-16,火,102万円,72万円 (142.5%),72万円 (142.5%),117,65 (180.0%),65 (180.0%),"8,721","11,015 (79.2%)","11,015 (79.2%)"
宿泊,令和6年度,1年前,2024-04-17,水,95万円,91万円 (104.6%),91万円 (104.6%),108,84 (128.6%),84 (128.6%),"8,788","10,805 (81.3%)","10,805 (81.3%)"
宿泊,令和6年度,1年前,2024-04-18,木,148万円,104万円 (142.4%),104万円 (142.4%),165,123 (134.1%),123 (134.1%),"8,984","8,465 (106.1%)","8,465 (106.1%)"
宿泊,令和6年度,1年前,2024-04-19,金,206万円,112万円 (183.0%),112万円 (183.0%),204,134 (152.2%),134 (152.2%),"10,075","8,379 (120.2%)","8,379 (120.2%)"
宿泊,令和6年度,1年前,2024-04-20,土,128万円,108万円 (118.0%),108万円 (118.0%),116,111 (104.5%),111 (104.5%),"11,018","9,754 (113.0%)","9,754 (113.0%)"
宿泊,令和6年度,1年前,2024-04-21,日,186万円,142万円 (130.9%),142万円 (130.9%),187,148 (126.4%),148 (126.4%),"9,956","9,608 (103.6%)","9,608 (103.6%)"
宿泊,令和6年度,1年前,2024-04-22,月,100万円,81万円 (124.0%),81万円 (124.0%),82,69 (118.8%),69 (118.8%),"12,204","11,698 (104.3%)","11,698 (104.3%)"
宿泊,令和6年度,1年前,2024-04-23,火,63万円,66万円 (95.1%),66万円 (95.1%),69,67 (103.0%),67 (103.0%),"9,113","9,869 (92.3%)","9,869 (92.3%)"
宿泊,令和6年度,1年前,2024-04-24,水,123万円,54万円 (228.5%),54万円 (228.5%),140,62 (225.8%),62 (225.8%),"8,762","8,658 (101.2%)","8,658 (101.2%)"
宿泊,令和6年度,1年前,2024-04-25,木,88万円,79万円 (111.6%),79万円 (111.6%),99,92 (107.6%),92 (107.6%),"8,900","8,584 (103.7%)","8,584 (103.7%)"
宿泊,令和6年度,1年前,2024-04-26,金,117万円,155万円 (75.4%),155万円 (75.4%),141,165 (85.5%),165 (85.5%),"8,292","9,401 (88.2%)","9,401 (88.2%)"
宿泊,令和6年度,1年前,2024-04-27,土,147万円,110万円 (133.9%),110万円 (133.9%),148,123 (120.3%),123 (120.3%),"9,923","8,915 (111.3%)","8,915 (111.3%)"
宿泊,令和6年度,1年前,2024-04-28,日,366万円,331万円 (110.6%),331万円 (110.6%),277,275 (100.7%),275 (100.7%),"13,202","12,019 (109.8%)","12,019 (109.8%)"
宿泊,令和6年度,1年前,2024-04-29,月,400万円,241万円 (165.7%),241万円 (165.7%),294,193 (152.3%),193 (152.3%),"13,607","12,506 (108.8%)","12,506 (108.8%)"
宿泊,令和6年度,1年前,2024-04-30,火,226万円,231万円 (97.9%),231万円 (97.9%),202,186 (108.6%),186 (108.6%),"11,201","12,424 (90.2%)","12,424 (90.2%)"
宿泊,令和6年度,1年前,2024-05-01,水,253万円,259万円 (97.6%),259万円 (97.6%),203,211 (96.2%),211 (96.2%),"12,455","12,280 (101.4%)","12,280 (101.4%)"
宿泊,令和6年度,1年前,2024-05-02,木,176万円,324万円 (54.5%),324万円 (54.5%),168,251 (66.9%),251 (66.9%),"10,493","12,889 (81.4%)","12,889 (81.4%)"
宿泊,令和6年度,1年前,2024-05-03,金,303万円,458万円 (66.3%),458万円 (66.3%),268,388 (69.1%),388 (69.1%),"11,320","11,796 (96.0%)","11,796 (96.0%)"
宿泊,令和6年度,1年前,2024-05-04,土,377万円,465万円 (81.0%),465万円 (81.0%),266,393 (67.7%),393 (67.7%),"14,170","11,845 (119.6%)","11,845 (119.6%)"
宿泊,令和6年度,1年前,2024-05-05,日,518万円,284万円 (182.3%),284万円 (182.3%),352,215 (163.7%),215 (163.7%),"14,704","13,205 (111.3%)","13,205 (111.3%)"
宿泊,令和6年度,1年前,2024-05-06,月,447万円,33万円 (1351.1%),33万円 (1351.1%),355,36 (986.1%),36 (986.1%),"12,599","9,195 (137.0%)","9,195 (137.0%)"
宿泊,令和6年度,1年前,2024-05-07,火,149万円,46万円 (326.0%),46万円 (326.0%),136,53 (256.6%),53 (256.6%),"10,987","8,649 (127.0%)","8,649 (127.0%)"
宿泊,令和6年度,1年前,2024-05-08,水,48万円,55万円 (87.8%),55万円 (87.8%),58,66 (87.9%),66 (87.9%),"8,257","8,269 (99.9%)","8,269 (99.9%)"
宿泊,令和6年度,1年前,2024-05-09,木,134万円,76万円 (176.1%),76万円 (176.1%),166,87 (190.8%),87 (190.8%),"8,081","8,758 (92.3%)","8,758 (92.3%)"
宿泊,令和6年度,1年前,2024-05-10,金,146万円,123万円 (118.8%),123万円 (118.8%),167,130 (128.5%),130 (128.5%),"8,754","9,469 (92.5%)","9,469 (92.5%)"
宿泊,令和6年度,1年前,2024-05-11,土,89万円,101万円 (87.6%),101万円 (87.6%),101,103 (98.1%),103 (98.1%),"8,785","9,834 (89.3%)","9,834 (89.3%)"
宿泊,令和6年度,1年前,2024-05-12,日,207万円,143万円 (144.6%),143万円 (144.6%),209,132 (158.3%),132 (158.3%),"9,884","10,824 (91.3%)","10,824 (91.3%)"
宿泊,令和6年度,1年前,2024-05-13,月,110万円,61万円 (182.4%),61万円 (182.4%),91,65 (140.0%),65 (140.0%),"12,137","9,313 (130.3%)","9,313 (130.3%)"
宿泊,令和6年度,1年前,2024-05-14,火,72万円,101万円 (71.7%),101万円 (71.7%),78,102 (76.5%),102 (76.5%),"9,287","9,907 (93.7%)","9,907 (93.7%)"
宿泊,令和6年度,1年前,2024-05-15,水,105万円,84万円 (125.1%),84万円 (125.1%),99,86 (115.1%),86 (115.1%),"10,624","9,775 (108.7%)","9,775 (108.7%)"
宿泊,令和6年度,1年前,2024-05-16,木,160万円,97万円 (165.9%),97万円 (165.9%),180,108 (166.7%),108 (166.7%),"8,912","8,955 (99.5%)","8,955 (99.5%)"
宿泊,令和6年度,1年前,2024-05-17,金,167万円,113万円 (147.8%),113万円 (147.8%),176,126 (139.7%),126 (139.7%),"9,506","8,986 (105.8%)","8,986 (105.8%)"
宿泊,令和6年度,1年前,2024-05-18,土,97万円,135万円 (72.0%),135万円 (72.0%),99,118 (83.9%),118 (83.9%),"9,779","11,402 (85.8%)","11,402 (85.8%)"
宿泊,令和6年度,1年前,2024-05-19,日,232万円,161万円 (144.1%),161万円 (144.1%),210,149 (140.9%),149 (140.9%),"11,039","10,797 (102.2%)","10,797 (102.2%)"
宿泊,令和6年度,1年前,2024-05-20,月,131万円,51万円 (255.1%),51万円 (255.1%),103,43 (239.5%),43 (239.5%),"12,731","11,956 (106.5%)","11,956 (106.5%)"
宿泊,令和6年度,1年前,2024-05-21,火,101万円,91万円 (110.9%),91万円 (110.9%),116,79 (146.8%),79 (146.8%),"8,695","11,511 (75.5%)","11,511 (75.5%)"
宿泊,令和6年度,1年前,2024-05-22,水,143万円,69万円 (206.4%),69万円 (206.4%),163,71 (229.6%),71 (229.6%),"8,789","9,774 (89.9%)","9,774 (89.9%)"
宿泊,令和6年度,1年前,2024-05-23,木,107万円,131万円 (81.8%),131万円 (81.8%),112,139 (80.6%),139 (80.6%),"9,549","9,411 (101.5%)","9,411 (101.5%)"
宿泊,令和6年度,1年前,2024-05-24,金,156万円,118万円 (131.8%),118万円 (131.8%),169,114 (148.2%),114 (148.2%),"9,203","10,355 (88.9%)","10,355 (88.9%)"
宿泊,令和6年度,1年前,2024-05-25,土,119万円,108万円 (110.5%),108万円 (110.5%),115,113 (101.8%),113 (101.8%),"10,352","9,538 (108.5%)","9,538 (108.5%)"
宿泊,令和6年度,1年前,2024-05-26,日,170万円,184万円 (92.3%),184万円 (92.3%),162,175 (92.6%),175 (92.6%),"10,498","10,533 (99.7%)","10,533 (99.7%)"
宿泊,令和6年度,1年前,2024-05-27,月,110万円,79万円 (138.5%),79万円 (138.5%),93,71 (131.0%),71 (131.0%),"11,827","11,187 (105.7%)","11,187 (105.7%)"
宿泊,令和6年度,1年前,2024-05-28,火,111万円,92万円 (121.1%),92万円 (121.1%),99,92 (107.6%),92 (107.6%),"11,260","10,006 (112.5%)","10,006 (112.5%)"
宿泊,令和6年度,1年前,2024-05-29,水,102万円,98万円 (104.1%),98万円 (104.1%),124,111 (111.7%),111 (111.7%),"8,202","8,800 (93.2%)","8,800 (93.2%)"
宿泊,令和6年度,1年前,2024-05-30,木,113万円,66万円 (169.9%),66万円 (169.9%),126,75 (168.0%),75 (168.0%),"8,939","8,839 (101.1%)","8,839 (101.1%)"
宿泊,令和6年度,1年前,2024-05-31,金,116万円,115万円 (101.6%),115万円 (101.6%),146,137 (106.6%),137 (106.6%),"7,969","8,361 (95.3%)","8,361 (95.3%)"
宿泊,令和6年度,1年前,2024-06-01,土,81万円,110万円 (73.1%),110万円 (73.1%),75,119 (63.0%),119 (63.0%),"10,750","9,266 (116.0%)","9,266 (116.0%)"
宿泊,令和6年度,1年前,2024-06-02,日,219万円,177万円 (123.7%),177万円 (123.7%),201,167 (120.4%),167 (120.4%),"10,918","10,623 (102.8%)","10,623 (102.8%)"
宿泊,令和6年度,1年前,2024-06-03,月,94万円,87万円 (108.1%),87万円 (108.1%),80,73 (109.6%),73 (109.6%),"11,761","11,928 (98.6%)","11,928 (98.6%)"
宿泊,令和6年度,1年前,2024-06-04,火,90万円,90万円 (100.0%),90万円 (100.0%),96,96 (100.0%),96 (100.0%),"9,418","9,422 (100.0%)","9,422 (100.0%)"
宿泊,令和6年度,1年前,2024-06-05,水,101万円,131万円 (77.3%),131万円 (77.3%),109,127 (85.8%),127 (85.8%),"9,276","10,303 (90.0%)","10,303 (90.0%)"
宿泊,令和6年度,1年前,2024-06-06,木,70万円,90万円 (77.2%),90万円 (77.2%),90,94 (95.7%),94 (95.7%),"7,740","9,593 (80.7%)","9,593 (80.7%)"
宿泊,令和6年度,1年前,2024-06-07,金,145万円,125万円 (115.7%),125万円 (115.7%),184,139 (132.4%),139 (132.4%),"7,891","9,028 (87.4%)","9,028 (87.4%)"
宿泊,令和6年度,1年前,2024-06-08,土,157万円,95万円 (165.2%),95万円 (165.2%),128,100 (128.0%),100 (128.0%),"12,250","9,490 (129.1%)","9,490 (129.1%)"
宿泊,令和6年度,1年前,2024-06-09,日,373万円,254万円 (147.2%),254万円 (147.2%),339,229 (148.0%),229 (148.0%),"11,013","11,077 (99.4%)","11,077 (99.4%)"
宿泊,令和6年度,1年前,2024-06-10,月,105万円,71万円 (148.3%),71万円 (148.3%),89,61 (145.9%),61 (145.9%),"11,838","11,649 (101.6%)","11,649 (101.6%)"
宿泊,令和6年度,1年前,2024-06-11,火,79万円,94万円 (83.8%),94万円 (83.8%),80,95 (84.2%),95 (84.2%),"9,868","9,922 (99.5%)","9,922 (99.5%)"
宿泊,令和6年度,1年前,2024-06-12,水,89万円,69万円 (129.1%),69万円 (129.1%),88,74 (118.9%),74 (118.9%),"10,068","9,277 (108.5%)","9,277 (108.5%)"
宿泊,令和6年度,1年前,2024-06-13,木,100万円,81万円 (122.9%),81万円 (122.9%),103,84 (122.6%),84 (122.6%),"9,676","9,656 (100.2%)","9,656 (100.2%)"
宿泊,令和6年度,1年前,2024-06-14,金,196万円,125万円 (156.6%),125万円 (156.6%),189,121 (156.2%),121 (156.2%),"10,372","10,347 (100.2%)","10,347 (100.2%)"
宿泊,令和6年度,1年前,2024-06-15,土,175万円,190万円 (92.1%),190万円 (92.1%),153,183 (83.6%),183 (83.6%),"11,453","10,398 (110.1%)","10,398 (110.1%)"
宿泊,令和6年度,1年前,2024-06-16,日,253万円,253万円 (99.9%),253万円 (99.9%),239,208 (114.9%),208 (114.9%),"10,587","12,182 (86.9%)","12,182 (86.9%)"
宿泊,令和6年度,1年前,2024-06-17,月,150万円,94万円 (159.8%),94万円 (159.8%),131,72 (181.9%),72 (181.9%),"11,462","13,054 (87.8%)","13,054 (87.8%)"
宿泊,令和6年度,1年前,2024-06-18,火,100万円,98万円 (102.2%),98万円 (102.2%),111,94 (118.1%),94 (118.1%),"9,050","10,460 (86.5%)","10,460 (86.5%)"
宿泊,令和6年度,1年前,2024-06-19,水,123万円,90万円 (135.5%),90万円 (135.5%),125,80 (156.3%),80 (156.3%),"9,801","11,302 (86.7%)","11,302 (86.7%)"
宿泊,令和6年度,1年前,2024-06-20,木,122万円,86万円 (142.8%),86万円 (142.8%),124,90 (137.8%),90 (137.8%),"9,870","9,522 (103.7%)","9,522 (103.7%)"
宿泊,令和6年度,1年前,2024-06-21,金,185万円,166万円 (111.3%),166万円 (111.3%),188,185 (101.6%),185 (101.6%),"9,844","8,988 (109.5%)","8,988 (109.5%)"
宿泊,令和6年度,1年前,2024-06-22,土,217万円,120万円 (181.5%),120万円 (181.5%),205,106 (193.4%),106 (193.4%),"10,605","11,302 (93.8%)","11,302 (93.8%)"
宿泊,令和6年度,1年前,2024-06-23,日,305万円,233万円 (130.8%),233万円 (130.8%),249,197 (126.4%),197 (126.4%),"12,244","11,831 (103.5%)","11,831 (103.5%)"
宿泊,令和6年度,1年前,2024-06-24,月,170万円,124万円 (136.7%),124万円 (136.7%),140,106 (132.1%),106 (132.1%),"12,112","11,706 (103.5%)","11,706 (103.5%)"
宿泊,令和6年度,1年前,2024-06-25,火,139万円,103万円 (134.2%),103万円 (134.2%),127,83 (153.0%),83 (153.0%),"10,919","12,447 (87.7%)","12,447 (87.7%)"
宿泊,令和6年度,1年前,2024-06-26,水,194万円,107万円 (181.5%),107万円 (181.5%),172,98 (175.5%),98 (175.5%),"11,305","10,935 (103.4%)","10,935 (103.4%)"
宿泊,令和6年度,1年前,2024-06-27,木,131万円,108万円 (121.8%),108万円 (121.8%),138,112 (123.2%),112 (123.2%),"9,520","9,628 (98.9%)","9,628 (98.9%)"
宿泊,令和6年度,1年前,2024-06-28,金,211万円,96万円 (220.9%),96万円 (220.9%),224,103 (217.5%),103 (217.5%),"9,435","9,287 (101.6%)","9,287 (101.6%)"
宿泊,令和6年度,1年前,2024-06-29,土,213万円,140万円 (152.4%),140万円 (152.4%),193,145 (133.1%),145 (133.1%),"11,030","9,631 (114.5%)","9,631 (114.5%)"
宿泊,令和6年度,1年前,2024-06-30,日,347万円,227万円 (153.3%),227万円 (153.3%),309,229 (134.9%),229 (134.9%),"11,239","9,892 (113.6%)","9,892 (113.6%)"
宿泊,令和6年度,1年前,2024-07-01,月,124万円,138万円 (90.0%),138万円 (90.0%),92,108 (85.2%),108 (85.2%),"13,521","12,797 (105.7%)","12,797 (105.7%)"
宿泊,令和6年度,1年前,2024-07-02,火,87万円,109万円 (79.4%),109万円 (79.4%),97,109 (89.0%),109 (89.0%),"8,934","10,017 (89.2%)","10,017 (89.2%)"
宿泊,令和6年度,1年前,2024-07-03,水,146万円,96万円 (152.1%),96万円 (152.1%),169,94 (179.8%),94 (179.8%),"8,610","10,177 (84.6%)","10,177 (84.6%)"
宿泊,令和6年度,1年前,2024-07-04,木,87万円,108万円 (80.3%),108万円 (80.3%),111,122 (91.0%),122 (91.0%),"7,828","8,865 (88.3%)","8,865 (88.3%)"
宿泊,令和6年度,1年前,2024-07-05,金,159万円,197万円 (80.8%),197万円 (80.8%),170,231 (73.6%),231 (73.6%),"9,374","8,536 (109.8%)","8,536 (109.8%)"
宿泊,令和6年度,1年前,2024-07-06,土,121万円,132万円 (91.2%),132万円 (91.2%),118,122 (96.7%),122 (96.7%),"10,218","10,836 (94.3%)","10,836 (94.3%)"
宿泊,令和6年度,1年前,2024-07-07,日,182万円,267万円 (67.9%),267万円 (67.9%),174,247 (70.4%),247 (70.4%),"10,432","10,817 (96.4%)","10,817 (96.4%)"
宿泊,令和6年度,1年前,2024-07-08,月,120万円,96万円 (125.6%),96万円 (125.6%),89,83 (107.2%),83 (107.2%),"13,508","11,536 (117.1%)","11,536 (117.1%)"
宿泊,令和6年度,1年前,2024-07-09,火,76万円,94万円 (80.9%),94万円 (80.9%),80,89 (89.9%),89 (89.9%),"9,461","10,513 (90.0%)","10,513 (90.0%)"
宿泊,令和6年度,1年前,2024-07-10,水,88万円,106万円 (82.3%),106万円 (82.3%),89,111 (80.2%),111 (80.2%),"9,837","9,590 (102.6%)","9,590 (102.6%)"
宿泊,令和6年度,1年前,2024-07-11,木,84万円,93万円 (89.9%),93万円 (89.9%),83,112 (74.1%),112 (74.1%),"10,076","8,309 (121.3%)","8,309 (121.3%)"
宿泊,令和6年度,1年前,2024-07-12,金,173万円,210万円 (82.5%),210万円 (82.5%),195,228 (85.5%),228 (85.5%),"8,893","9,220 (96.4%)","9,220 (96.4%)"
宿泊,令和6年度,1年前,2024-07-13,土,227万円,111万円 (204.4%),111万円 (204.4%),231,110 (210.0%),110 (210.0%),"9,820","10,091 (97.3%)","10,091 (97.3%)"
宿泊,令和6年度,1年前,2024-07-14,日,333万円,350万円 (95.0%),350万円 (95.0%),299,280 (106.8%),280 (106.8%),"11,126","12,500 (89.0%)","12,500 (89.0%)"
宿泊,令和6年度,1年前,2024-07-15,月,319万円,340万円 (93.8%),340万円 (93.8%),258,254 (101.6%),254 (101.6%),"12,356","13,377 (92.4%)","13,377 (92.4%)"
宿泊,令和6年度,1年前,2024-07-16,火,101万円,104万円 (97.0%),104万円 (97.0%),103,93 (110.8%),93 (110.8%),"9,769","11,149 (87.6%)","11,149 (87.6%)"
宿泊,令和6年度,1年前,2024-07-17,水,79万円,99万円 (80.1%),99万円 (80.1%),88,93 (94.6%),93 (94.6%),"8,966","10,598 (84.6%)","10,598 (84.6%)"
宿泊,令和6年度,1年前,2024-07-18,木,88万円,111万円 (78.9%),111万円 (78.9%),107,121 (88.4%),121 (88.4%),"8,192","9,179 (89.2%)","9,179 (89.2%)"
宿泊,令和6年度,1年前,2024-07-19,金,133万円,128万円 (103.7%),128万円 (103.7%),143,146 (97.9%),146 (97.9%),"9,273","8,762 (105.8%)","8,762 (105.8%)"
宿泊,令和6年度,1年前,2024-07-20,土,111万円,100万円 (110.9%),100万円 (110.9%),127,95 (133.7%),95 (133.7%),"8,720","10,514 (82.9%)","10,514 (82.9%)"
宿泊,令和6年度,1年前,2024-07-21,日,212万円,205万円 (103.3%),205万円 (103.3%),209,172 (121.5%),172 (121.5%),"10,151","11,943 (85.0%)","11,943 (85.0%)"
宿泊,令和6年度,1年前,2024-07-22,月,107万円,118万円 (91.1%),118万円 (91.1%),86,99 (86.9%),99 (86.9%),"12,463","11,884 (104.9%)","11,884 (104.9%)"
宿泊,令和6年度,1年前,2024-07-23,火,101万円,153万円 (66.1%),153万円 (66.1%),99,141 (70.2%),141 (70.2%),"10,226","10,858 (94.2%)","10,858 (94.2%)"
宿泊,令和6年度,1年前,2024-07-24,水,83万円,142万円 (58.2%),142万円 (58.2%),110,149 (73.8%),149 (73.8%),"7,511","9,535 (78.8%)","9,535 (78.8%)"
宿泊,令和6年度,1年前,2024-07-25,木,95万円,116万円 (82.0%),116万円 (82.0%),110,129 (85.3%),129 (85.3%),"8,673","9,022 (96.1%)","9,022 (96.1%)"
宿泊,令和6年度,1年前,2024-07-26,金,157万円,199万円 (78.7%),199万円 (78.7%),181,201 (90.0%),201 (90.0%),"8,668","9,920 (87.4%)","9,920 (87.4%)"
宿泊,令和6年度,1年前,2024-07-27,土,144万円,95万円 (151.3%),95万円 (151.3%),141,111 (127.0%),111 (127.0%),"10,233","8,590 (119.1%)","8,590 (119.1%)"
宿泊,令和6年度,1年前,2024-07-28,日,227万円,229万円 (99.2%),229万円 (99.2%),215,219 (98.2%),219 (98.2%),"10,548","10,437 (101.1%)","10,437 (101.1%)"
宿泊,令和6年度,1年前,2024-07-29,月,117万円,147万円 (79.8%),147万円 (79.8%),91,123 (74.0%),123 (74.0%),"12,853","11,918 (107.8%)","11,918 (107.8%)"
宿泊,令和6年度,1年前,2024-07-30,火,102万円,116万円 (88.0%),116万円 (88.0%),105,109 (96.3%),109 (96.3%),"9,714","10,639 (91.3%)","10,639 (91.3%)"
宿泊,令和6年度,1年前,2024-07-31,水,121万円,111万円 (108.7%),111万円 (108.7%),128,119 (107.6%),119 (107.6%),"9,458","9,361 (101.0%)","9,361 (101.0%)"
宿泊,令和6年度,1年前,2024-08-01,木,91万円,122万円 (74.0%),122万円 (74.0%),99,140 (70.7%),140 (70.7%),"9,144","8,734 (104.7%)","8,734 (104.7%)"
宿泊,令和6年度,1年前,2024-08-02,金,106万円,191万円 (55.4%),191万円 (55.4%),118,212 (55.7%),212 (55.7%),"8,975","9,022 (99.5%)","9,022 (99.5%)"
宿泊,令和6年度,1年前,2024-08-03,土,194万円,222万円 (87.3%),222万円 (87.3%),214,226 (94.7%),226 (94.7%),"9,060","9,822 (92.2%)","9,822 (92.2%)"
宿泊,令和6年度,1年前,2024-08-04,日,261万円,273万円 (95.5%),273万円 (95.5%),245,241 (101.7%),241 (101.7%),"10,662","11,344 (94.0%)","11,344 (94.0%)"
宿泊,令和6年度,1年前,2024-08-05,月,90万円,176万円 (50.9%),176万円 (50.9%),80,151 (53.0%),151 (53.0%),"11,217","11,675 (96.1%)","11,675 (96.1%)"
宿泊,令和6年度,1年前,2024-08-06,火,181万円,202万円 (89.6%),202万円 (89.6%),181,207 (87.4%),207 (87.4%),"10,020","9,774 (102.5%)","9,774 (102.5%)"
宿泊,令和6年度,1年前,2024-08-07,水,187万円,147万円 (127.0%),147万円 (127.0%),201,149 (134.9%),149 (134.9%),"9,299","9,879 (94.1%)","9,879 (94.1%)"
宿泊,令和6年度,1年前,2024-08-08,木,152万円,192万円 (78.9%),192万円 (78.9%),170,225 (75.6%),225 (75.6%),"8,919","8,537 (104.5%)","8,537 (104.5%)"
宿泊,令和6年度,1年前,2024-08-09,金,175万円,233万円 (75.3%),233万円 (75.3%),183,206 (88.8%),206 (88.8%),"9,571","11,291 (84.8%)","11,291 (84.8%)"
宿泊,令和6年度,1年前,2024-08-10,土,158万円,439万円 (36.0%),439万円 (36.0%),161,387 (41.6%),387 (41.6%),"9,803","11,344 (86.4%)","11,344 (86.4%)"
宿泊,令和6年度,1年前,2024-08-11,日,395万円,382万円 (103.4%),382万円 (103.4%),297,310 (95.8%),310 (95.8%),"13,289","12,309 (108.0%)","12,309 (108.0%)"
宿泊,令和6年度,1年前,2024-08-12,月,422万円,381万円 (110.9%),381万円 (110.9%),336,315 (106.7%),315 (106.7%),"12,567","12,089 (104.0%)","12,089 (104.0%)"
宿泊,令和6年度,1年前,2024-08-13,火,296万円,389万円 (76.0%),389万円 (76.0%),238,362 (65.7%),362 (65.7%),"12,425","10,744 (115.6%)","10,744 (115.6%)"
宿泊,令和6年度,1年前,2024-08-14,水,417万円,320万円 (130.4%),320万円 (130.4%),326,274 (119.0%),274 (119.0%),"12,803","11,681 (109.6%)","11,681 (109.6%)"
宿泊,令和6年度,1年前,2024-08-15,木,331万円,194万円 (171.3%),194万円 (171.3%),287,193 (148.7%),193 (148.7%),"11,550","10,028 (115.2%)","10,028 (115.2%)"
宿泊,令和6年度,1年前,2024-08-16,金,313万円,209万円 (149.4%),209万円 (149.4%),258,216 (119.4%),216 (119.4%),"12,121","9,688 (125.1%)","9,688 (125.1%)"
宿泊,令和6年度,1年前,2024-08-17,土,315万円,159万円 (197.7%),159万円 (197.7%),241,170 (141.8%),170 (141.8%),"13,076","9,377 (139.4%)","9,377 (139.4%)"
宿泊,令和6年度,1年前,2024-08-18,日,245万円,223万円 (109.5%),223万円 (109.5%),229,211 (108.5%),211 (108.5%),"10,677","10,582 (100.9%)","10,582 (100.9%)"
宿泊,令和6年度,1年前,2024-08-19,月,135万円,189万円 (71.4%),189万円 (71.4%),104,168 (61.9%),168 (61.9%),"12,965","11,247 (115.3%)","11,247 (115.3%)"
宿泊,令和6年度,1年前,2024-08-20,火,85万円,151万円 (56.2%),151万円 (56.2%),101,133 (75.9%),133 (75.9%),"8,412","11,358 (74.1%)","11,358 (74.1%)"
宿泊,令和6年度,1年前,2024-08-21,水,163万円,122万円 (133.2%),122万円 (133.2%),161,118 (136.4%),118 (136.4%),"10,114","10,362 (97.6%)","10,362 (97.6%)"
宿泊,令和6年度,1年前,2024-08-22,木,150万円,163万円 (92.0%),163万円 (92.0%),170,186 (91.4%),186 (91.4%),"8,818","8,760 (100.7%)","8,760 (100.7%)"
宿泊,令和6年度,1年前,2024-08-23,金,221万円,231万円 (95.6%),231万円 (95.6%),222,242 (91.7%),242 (91.7%),"9,953","9,553 (104.2%)","9,553 (104.2%)"
宿泊,令和6年度,1年前,2024-08-24,土,126万円,165万円 (76.4%),165万円 (76.4%),124,164 (75.6%),164 (75.6%),"10,190","10,086 (101.0%)","10,086 (101.0%)"
宿泊,令和6年度,1年前,2024-08-25,日,267万円,350万円 (76.2%),350万円 (76.2%),250,361 (69.3%),361 (69.3%),"10,662","9,689 (110.0%)","9,689 (110.0%)"
宿泊,令和6年度,1年前,2024-08-26,月,110万円,108万円 (102.4%),108万円 (102.4%),97,119 (81.5%),119 (81.5%),"11,390","9,065 (125.6%)","9,065 (125.6%)"
宿泊,令和6年度,1年前,2024-08-27,火,134万円,147万円 (90.8%),147万円 (90.8%),141,150 (94.0%),150 (94.0%),"9,491","9,828 (96.6%)","9,828 (96.6%)"
宿泊,令和6年度,1年前,2024-08-28,水,119万円,122万円 (97.2%),122万円 (97.2%),119,120 (99.2%),120 (99.2%),"9,958","10,159 (98.0%)","10,159 (98.0%)"
宿泊,令和6年度,1年前,2024-08-29,木,110万円,126万円 (87.5%),126万円 (87.5%),133,143 (93.0%),143 (93.0%),"8,297","8,816 (94.1%)","8,816 (94.1%)"
宿泊,令和6年度,1年前,2024-08-30,金,162万円,130万円 (124.2%),130万円 (124.2%),206,152 (135.5%),152 (135.5%),"7,846","8,564 (91.6%)","8,564 (91.6%)"
宿泊,令和6年度,1年前,2024-08-31,土,116万円,105万円 (110.2%),105万円 (110.2%),123,116 (106.0%),116 (106.0%),"9,409","9,051 (104.0%)","9,051 (104.0%)"
宿泊,令和6年度,1年前,2024-09-01,日,172万円,204万円 (83.9%),204万円 (83.9%),188,179 (105.0%),179 (105.0%),"9,125","11,417 (79.9%)","11,417 (79.9%)"
宿泊,令和6年度,1年前,2024-09-02,月,97万円,107万円 (91.1%),107万円 (91.1%),87,106 (82.1%),106 (82.1%),"11,160","10,056 (111.0%)","10,056 (111.0%)"
宿泊,令和6年度,1年前,2024-09-03,火,85万円,207万円 (41.2%),207万円 (41.2%),83,246 (33.7%),246 (33.7%),"10,261","8,411 (122.0%)","8,411 (122.0%)"
宿泊,令和6年度,1年前,2024-09-04,水,75万円,118万円 (63.5%),118万円 (63.5%),83,131 (63.4%),131 (63.4%),"8,991","8,978 (100.1%)","8,978 (100.1%)"
宿泊,令和6年度,1年前,2024-09-05,木,201万円,97万円 (208.0%),97万円 (208.0%),233,116 (200.9%),116 (200.9%),"8,623","8,326 (103.6%)","8,326 (103.6%)"
宿泊,令和6年度,1年前,2024-09-06,金,156万円,178万円 (87.7%),178万円 (87.7%),150,183 (82.0%),183 (82.0%),"10,418","9,734 (107.0%)","9,734 (107.0%)"
宿泊,令和6年度,1年前,2024-09-07,土,118万円,132万円 (89.5%),132万円 (89.5%),107,130 (82.3%),130 (82.3%),"11,003","10,119 (108.7%)","10,119 (108.7%)"
宿泊,令和6年度,1年前,2024-09-08,日,182万円,171万円 (106.5%),171万円 (106.5%),169,152 (111.2%),152 (111.2%),"10,747","11,224 (95.8%)","11,224 (95.8%)"
宿泊,令和6年度,1年前,2024-09-09,月,158万円,134万円 (117.9%),134万円 (117.9%),134,113 (118.6%),113 (118.6%),"11,819","11,888 (99.4%)","11,888 (99.4%)"
宿泊,令和6年度,1年前,2024-09-10,火,188万円,134万円 (141.0%),134万円 (141.0%),190,153 (124.2%),153 (124.2%),"9,909","8,730 (113.5%)","8,730 (113.5%)"
宿泊,令和6年度,1年前,2024-09-11,水,122万円,97万円 (125.3%),97万円 (125.3%),137,105 (130.5%),105 (130.5%),"8,913","9,277 (96.1%)","9,277 (96.1%)"
宿泊,令和6年度,1年前,2024-09-12,木,140万円,84万円 (166.1%),84万円 (166.1%),151,97 (155.7%),97 (155.7%),"9,241","8,659 (106.7%)","8,659 (106.7%)"
宿泊,令和6年度,1年前,2024-09-13,金,161万円,138万円 (116.6%),138万円 (116.6%),183,145 (126.2%),145 (126.2%),"8,773","9,493 (92.4%)","9,493 (92.4%)"
宿泊,令和6年度,1年前,2024-09-14,土,183万円,174万円 (105.2%),174万円 (105.2%),178,172 (103.5%),172 (103.5%),"10,301","10,133 (101.7%)","10,133 (101.7%)"
宿泊,令和6年度,1年前,2024-09-15,日,383万円,368万円 (104.1%),368万円 (104.1%),302,298 (101.3%),298 (101.3%),"12,674","12,337 (102.7%)","12,337 (102.7%)"
宿泊,令和6年度,1年前,2024-09-16,月,328万円,294万円 (111.5%),294万円 (111.5%),289,290 (99.7%),290 (99.7%),"11,336","10,134 (111.9%)","10,134 (111.9%)"
宿泊,令和6年度,1年前,2024-09-17,火,112万円,100万円 (112.2%),100万円 (112.2%),88,87 (101.1%),87 (101.1%),"12,712","11,462 (110.9%)","11,462 (110.9%)"
宿泊,令和6年度,1年前,2024-09-18,水,104万円,116万円 (90.2%),116万円 (90.2%),95,115 (82.6%),115 (82.6%),"10,968","10,045 (109.2%)","10,045 (109.2%)"
宿泊,令和6年度,1年前,2024-09-19,木,134万円,116万円 (114.9%),116万円 (114.9%),123,128 (96.1%),128 (96.1%),"10,864","9,084 (119.6%)","9,084 (119.6%)"
宿泊,令和6年度,1年前,2024-09-20,金,182万円,196万円 (93.0%),196万円 (93.0%),214,201 (106.5%),201 (106.5%),"8,512","9,740 (87.4%)","9,740 (87.4%)"
宿泊,令和6年度,1年前,2024-09-21,土,122万円,129万円 (94.1%),129万円 (94.1%),126,127 (99.2%),127 (99.2%),"9,646","10,166 (94.9%)","10,166 (94.9%)"
宿泊,令和6年度,1年前,2024-09-22,日,303万円,291万円 (104.0%),291万円 (104.0%),294,269 (109.3%),269 (109.3%),"10,291","10,820 (95.1%)","10,820 (95.1%)"
宿泊,令和6年度,1年前,2024-09-23,月,331万円,133万円 (248.3%),133万円 (248.3%),280,123 (227.6%),123 (227.6%),"11,830","10,845 (109.1%)","10,845 (109.1%)"
宿泊,令和6年度,1年前,2024-09-24,火,98万円,106万円 (92.0%),106万円 (92.0%),77,104 (74.0%),104 (74.0%),"12,680","10,208 (124.2%)","10,208 (124.2%)"
宿泊,令和6年度,1年前,2024-09-25,水,89万円,152万円 (58.2%),152万円 (58.2%),95,150 (63.3%),150 (63.3%),"9,323","10,140 (91.9%)","10,140 (91.9%)"
宿泊,令和6年度,1年前,2024-09-26,木,162万円,80万円 (202.3%),80万円 (202.3%),157,89 (176.4%),89 (176.4%),"10,293","8,975 (114.7%)","8,975 (114.7%)"
宿泊,令和6年度,1年前,2024-09-27,金,213万円,178万円 (119.9%),178万円 (119.9%),231,199 (116.1%),199 (116.1%),"9,226","8,931 (103.3%)","8,931 (103.3%)"
宿泊,令和6年度,1年前,2024-09-28,土,133万円,162万円 (82.1%),162万円 (82.1%),130,161 (80.7%),161 (80.7%),"10,226","10,060 (101.7%)","10,060 (101.7%)"
宿泊,令和6年度,1年前,2024-09-29,日,275万円,182万円 (151.4%),182万円 (151.4%),243,182 (133.5%),182 (133.5%),"11,327","9,991 (113.4%)","9,991 (113.4%)"
宿泊,令和6年度,1年前,2024-09-30,月,126万円,115万円 (110.3%),115万円 (110.3%),120,113 (106.2%),113 (106.2%),"10,539","10,147 (103.9%)","10,147 (103.9%)"
宿泊,令和6年度,1年前,2024-10-01,火,85万円,110万円 (76.9%),110万円 (76.9%),80,103 (77.7%),103 (77.7%),"10,601","10,709 (99.0%)","10,709 (99.0%)"
宿泊,令和6年度,1年前,2024-10-02,水,74万円,71万円 (103.4%),71万円 (103.4%),85,77 (110.4%),77 (110.4%),"8,661","9,244 (93.7%)","9,244 (93.7%)"
宿泊,令和6年度,1年前,2024-10-03,木,136万円,71万円 (191.3%),71万円 (191.3%),147,80 (183.8%),80 (183.8%),"9,250","8,887 (104.1%)","8,887 (104.1%)"
宿泊,令和6年度,1年前,2024-10-04,金,126万円,149万円 (84.4%),149万円 (84.4%),133,177 (75.1%),177 (75.1%),"9,483","8,441 (112.3%)","8,441 (112.3%)"
宿泊,令和6年度,1年前,2024-10-05,土,195万円,187万円 (104.2%),187万円 (104.2%),194,189 (102.6%),189 (102.6%),"10,053","9,907 (101.5%)","9,907 (101.5%)"
宿泊,令和6年度,1年前,2024-10-06,日,228万円,323万円 (70.8%),323万円 (70.8%),228,258 (88.4%),258 (88.4%),"10,016","12,503 (80.1%)","12,503 (80.1%)"
宿泊,令和6年度,1年前,2024-10-07,月,102万円,336万円 (30.3%),336万円 (30.3%),91,326 (27.9%),326 (27.9%),"11,193","10,317 (108.5%)","10,317 (108.5%)"
宿泊,令和6年度,1年前,2024-10-08,火,78万円,118万円 (65.6%),118万円 (65.6%),90,108 (83.3%),108 (83.3%),"8,628","10,961 (78.7%)","10,961 (78.7%)"
宿泊,令和6年度,1年前,2024-10-09,水,132万円,135万円 (98.1%),135万円 (98.1%),131,129 (101.6%),129 (101.6%),"10,100","10,456 (96.6%)","10,456 (96.6%)"
宿泊,令和6年度,1年前,2024-10-10,木,138万円,84万円 (164.2%),84万円 (164.2%),129,102 (126.5%),102 (126.5%),"10,702","8,243 (129.8%)","8,243 (129.8%)"
宿泊,令和6年度,1年前,2024-10-11,金,188万円,172万円 (108.9%),172万円 (108.9%),193,181 (106.6%),181 (106.6%),"9,730","9,524 (102.2%)","9,524 (102.2%)"
宿泊,令和6年度,1年前,2024-10-12,土,196万円,147万円 (133.5%),147万円 (133.5%),206,146 (141.1%),146 (141.1%),"9,501","10,039 (94.6%)","10,039 (94.6%)"
宿泊,令和6年度,1年前,2024-10-13,日,389万円,287万円 (135.3%),287万円 (135.3%),319,253 (126.1%),253 (126.1%),"12,188","11,358 (107.3%)","11,358 (107.3%)"
宿泊,令和6年度,1年前,2024-10-14,月,373万円,114万円 (327.6%),114万円 (327.6%),317,109 (290.8%),109 (290.8%),"11,761","10,441 (112.6%)","10,441 (112.6%)"
宿泊,令和6年度,1年前,2024-10-15,火,181万円,104万円 (174.8%),104万円 (174.8%),146,98 (149.0%),98 (149.0%),"12,417","10,584 (117.3%)","10,584 (117.3%)"
宿泊,令和6年度,1年前,2024-10-16,水,96万円,142万円 (67.6%),142万円 (67.6%),96,154 (62.3%),154 (62.3%),"9,991","9,220 (108.4%)","9,220 (108.4%)"
宿泊,令和6年度,1年前,2024-10-17,木,107万円,120万円 (89.2%),120万円 (89.2%),104,130 (80.0%),130 (80.0%),"10,267","9,212 (111.5%)","9,212 (111.5%)"
宿泊,令和6年度,1年前,2024-10-18,金,222万円,149万円 (149.1%),149万円 (149.1%),196,157 (124.8%),157 (124.8%),"11,346","9,499 (119.4%)","9,499 (119.4%)"
宿泊,令和6年度,1年前,2024-10-19,土,229万円,202万円 (113.4%),202万円 (113.4%),200,170 (117.6%),170 (117.6%),"11,471","11,905 (96.4%)","11,905 (96.4%)"
宿泊,令和6年度,1年前,2024-10-20,日,266万円,279万円 (95.2%),279万円 (95.2%),245,254 (96.5%),254 (96.5%),"10,842","10,987 (98.7%)","10,987 (98.7%)"
宿泊,令和6年度,1年前,2024-10-21,月,120万円,141万円 (85.2%),141万円 (85.2%),98,115 (85.2%),115 (85.2%),"12,283","12,292 (99.9%)","12,292 (99.9%)"
宿泊,令和6年度,1年前,2024-10-22,火,90万円,113万円 (79.1%),113万円 (79.1%),104,113 (92.0%),113 (92.0%),"8,614","10,026 (85.9%)","10,026 (85.9%)"
宿泊,令和6年度,1年前,2024-10-23,水,108万円,129万円 (84.1%),129万円 (84.1%),105,144 (72.9%),144 (72.9%),"10,321","8,950 (115.3%)","8,950 (115.3%)"
宿泊,令和6年度,1年前,2024-10-24,木,137万円,109万円 (125.0%),109万円 (125.0%),129,116 (111.2%),116 (111.2%),"10,612","9,438 (112.4%)","9,438 (112.4%)"
宿泊,令和6年度,1年前,2024-10-25,金,248万円,217万円 (114.3%),217万円 (114.3%),227,250 (90.8%),250 (90.8%),"10,912","8,670 (125.8%)","8,670 (125.8%)"
宿泊,令和6年度,1年前,2024-10-26,土,205万円,177万円 (115.7%),177万円 (115.7%),180,188 (95.7%),188 (95.7%),"11,372","9,410 (120.8%)","9,410 (120.8%)"
宿泊,令和6年度,1年前,2024-10-27,日,375万円,294万円 (127.5%),294万円 (127.5%),313,268 (116.8%),268 (116.8%),"11,973","10,971 (109.1%)","10,971 (109.1%)"
宿泊,令和6年度,1年前,2024-10-28,月,183万円,124万円 (147.0%),124万円 (147.0%),146,108 (135.2%),108 (135.2%),"12,521","11,518 (108.7%)","11,518 (108.7%)"
宿泊,令和6年度,1年前,2024-10-29,火,123万円,110万円 (112.5%),110万円 (112.5%),129,119 (108.4%),119 (108.4%),"9,563","9,217 (103.8%)","9,217 (103.8%)"
宿泊,令和6年度,1年前,2024-10-30,水,146万円,146万円 (100.3%),146万円 (100.3%),125,158 (79.1%),158 (79.1%),"11,690","9,221 (126.8%)","9,221 (126.8%)"
宿泊,令和6年度,1年前,2024-10-31,木,152万円,148万円 (102.9%),148万円 (102.9%),160,171 (93.6%),171 (93.6%),"9,485","8,626 (109.9%)","8,626 (109.9%)"
宿泊,令和6年度,1年前,2024-11-01,金,145万円,189万円 (76.9%),189万円 (76.9%),146,166 (88.0%),166 (88.0%),"9,936","11,366 (87.4%)","11,366 (87.4%)"
宿泊,令和6年度,1年前,2024-11-02,土,203万円,348万円 (58.3%),348万円 (58.3%),178,289 (61.6%),289 (61.6%),"11,399","12,052 (94.6%)","12,052 (94.6%)"
宿泊,令和6年度,1年前,2024-11-03,日,376万円,290万円 (129.4%),290万円 (129.4%),296,272 (108.8%),272 (108.8%),"12,690","10,676 (118.9%)","10,676 (118.9%)"
宿泊,令和6年度,1年前,2024-11-04,月,361万円,128万円 (280.8%),128万円 (280.8%),324,116 (279.3%),116 (279.3%),"11,131","11,071 (100.5%)","11,071 (100.5%)"
宿泊,令和6年度,1年前,2024-11-05,火,184万円,134万円 (137.9%),134万円 (137.9%),157,135 (116.3%),135 (116.3%),"11,739","9,897 (118.6%)","9,897 (118.6%)"
宿泊,令和6年度,1年前,2024-11-06,水,111万円,128万円 (86.9%),128万円 (86.9%),113,130 (86.9%),130 (86.9%),"9,863","9,867 (100.0%)","9,867 (100.0%)"
宿泊,令和6年度,1年前,2024-11-07,木,105万円,127万円 (82.3%),127万円 (82.3%),116,165 (70.3%),165 (70.3%),"9,030","7,711 (117.1%)","7,711 (117.1%)"
宿泊,令和6年度,1年前,2024-11-08,金,184万円,179万円 (102.9%),179万円 (102.9%),209,194 (107.7%),194 (107.7%),"8,807","9,225 (95.5%)","9,225 (95.5%)"
宿泊,令和6年度,1年前,2024-11-09,土,153万円,174万円 (88.1%),174万円 (88.1%),136,164 (82.9%),164 (82.9%),"11,273","10,615 (106.2%)","10,615 (106.2%)"
宿泊,令和6年度,1年前,2024-11-10,日,290万円,257万円 (113.0%),257万円 (113.0%),233,265 (87.9%),265 (87.9%),"12,465","9,695 (128.6%)","9,695 (128.6%)"
宿泊,令和6年度,1年前,2024-11-11,月,147万円,86万円 (171.7%),86万円 (171.7%),122,83 (147.0%),83 (147.0%),"12,057","10,319 (116.8%)","10,319 (116.8%)"
宿泊,令和6年度,1年前,2024-11-12,火,138万円,98万円 (140.3%),98万円 (140.3%),138,102 (135.3%),102 (135.3%),"9,971","9,619 (103.7%)","9,619 (103.7%)"
宿泊,令和6年度,1年前,2024-11-13,水,170万円,129万円 (132.2%),129万円 (132.2%),161,133 (121.1%),133 (121.1%),"10,560","9,666 (109.2%)","9,666 (109.2%)"
宿泊,令和6年度,1年前,2024-11-14,木,157万円,146万円 (107.8%),146万円 (107.8%),178,161 (110.6%),161 (110.6%),"8,823","9,052 (97.5%)","9,052 (97.5%)"
宿泊,令和6年度,1年前,2024-11-15,金,169万円,186万円 (90.9%),186万円 (90.9%),198,221 (89.6%),221 (89.6%),"8,556","8,433 (101.5%)","8,433 (101.5%)"
宿泊,令和6年度,1年前,2024-11-16,土,222万円,226万円 (98.2%),226万円 (98.2%),217,220 (98.6%),220 (98.6%),"10,241","10,289 (99.5%)","10,289 (99.5%)"
宿泊,令和6年度,1年前,2024-11-17,日,374万円,227万円 (164.9%),227万円 (164.9%),301,187 (161.0%),187 (161.0%),"12,412","12,115 (102.5%)","12,115 (102.5%)"
宿泊,令和6年度,1年前,2024-11-18,月,110万円,85万円 (129.3%),85万円 (129.3%),74,91 (81.3%),91 (81.3%),"14,827","9,322 (159.0%)","9,322 (159.0%)"
宿泊,令和6年度,1年前,2024-11-19,火,88万円,105万円 (83.4%),105万円 (83.4%),101,107 (94.4%),107 (94.4%),"8,699","9,851 (88.3%)","9,851 (88.3%)"
宿泊,令和6年度,1年前,2024-11-20,水,120万円,132万円 (91.2%),132万円 (91.2%),124,161 (77.0%),161 (77.0%),"9,696","8,186 (118.4%)","8,186 (118.4%)"
宿泊,令和6年度,1年前,2024-11-21,木,147万円,113万円 (130.5%),113万円 (130.5%),144,101 (142.6%),101 (142.6%),"10,202","11,148 (91.5%)","11,148 (91.5%)"
宿泊,令和6年度,1年前,2024-11-22,金,200万円,164万円 (121.9%),164万円 (121.9%),234,154 (151.9%),154 (151.9%),"8,567","10,680 (80.2%)","10,680 (80.2%)"
宿泊,令和6年度,1年前,2024-11-23,土,166万円,197万円 (84.0%),197万円 (84.0%),147,208 (70.7%),208 (70.7%),"11,286","9,494 (118.9%)","9,494 (118.9%)"
宿泊,令和6年度,1年前,2024-11-24,日,307万円,271万円 (113.2%),271万円 (113.2%),231,227 (101.8%),227 (101.8%),"13,276","11,933 (111.3%)","11,933 (111.3%)"
宿泊,令和6年度,1年前,2024-11-25,月,138万円,78万円 (177.6%),78万円 (177.6%),110,67 (164.2%),67 (164.2%),"12,547","11,601 (108.1%)","11,601 (108.1%)"
宿泊,令和6年度,1年前,2024-11-26,火,93万円,95万円 (98.0%),95万円 (98.0%),100,107 (93.5%),107 (93.5%),"9,339","8,904 (104.9%)","8,904 (104.9%)"
宿泊,令和6年度,1年前,2024-11-27,水,122万円,79万円 (154.9%),79万円 (154.9%),116,94 (123.4%),94 (123.4%),"10,502","8,367 (125.5%)","8,367 (125.5%)"
宿泊,令和6年度,1年前,2024-11-28,木,184万円,82万円 (226.1%),82万円 (226.1%),189,104 (181.7%),104 (181.7%),"9,757","7,843 (124.4%)","7,843 (124.4%)"
宿泊,令和6年度,1年前,2024-11-29,金,218万円,134万円 (162.9%),134万円 (162.9%),246,155 (158.7%),155 (158.7%),"8,870","8,642 (102.6%)","8,642 (102.6%)"
宿泊,令和6年度,1年前,2024-11-30,土,139万円,79万円 (176.3%),79万円 (176.3%),154,105 (146.7%),105 (146.7%),"9,027","7,512 (120.2%)","7,512 (120.2%)"
宿泊,令和6年度,1年前,2024-12-01,日,289万円,155万円 (186.7%),155万円 (186.7%),215,130 (165.4%),130 (165.4%),"13,451","11,916 (112.9%)","11,916 (112.9%)"
宿泊,令和6年度,1年前,2024-12-02,月,66万円,52万円 (128.2%),52万円 (128.2%),48,43 (111.6%),43 (111.6%),"13,840","12,047 (114.9%)","12,047 (114.9%)"
宿泊,令和6年度,1年前,2024-12-03,火,37万円,88万円 (41.7%),88万円 (41.7%),39,103 (37.9%),103 (37.9%),"9,447","8,580 (110.1%)","8,580 (110.1%)"
宿泊,令和6年度,1年前,2024-12-04,水,94万円,99万円 (94.7%),99万円 (94.7%),109,112 (97.3%),112 (97.3%),"8,636","8,875 (97.3%)","8,875 (97.3%)"
宿泊,令和6年度,1年前,2024-12-05,木,107万円,81万円 (132.3%),81万円 (132.3%),131,104 (126.0%),104 (126.0%),"8,183","7,792 (105.0%)","7,792 (105.0%)"
宿泊,令和6年度,1年前,2024-12-06,金,138万円,151万円 (91.6%),151万円 (91.6%),157,180 (87.2%),180 (87.2%),"8,782","8,362 (105.0%)","8,362 (105.0%)"
宿泊,令和6年度,1年前,2024-12-07,土,120万円,141万円 (85.3%),141万円 (85.3%),106,119 (89.1%),119 (89.1%),"11,367","11,869 (95.8%)","11,869 (95.8%)"
宿泊,令和6年度,1年前,2024-12-08,日,255万円,217万円 (117.6%),217万円 (117.6%),190,180 (105.6%),180 (105.6%),"13,420","12,050 (111.4%)","12,050 (111.4%)"
宿泊,令和6年度,1年前,2024-12-09,月,66万円,103万円 (64.4%),103万円 (64.4%),54,78 (69.2%),78 (69.2%),"12,313","13,245 (93.0%)","13,245 (93.0%)"
宿泊,令和6年度,1年前,2024-12-10,火,82万円,88万円 (93.6%),88万円 (93.6%),92,97 (94.8%),97 (94.8%),"8,939","9,057 (98.7%)","9,057 (98.7%)"
宿泊,令和6年度,1年前,2024-12-11,水,112万円,88万円 (127.2%),88万円 (127.2%),108,95 (113.7%),95 (113.7%),"10,359","9,256 (111.9%)","9,256 (111.9%)"
宿泊,令和6年度,1年前,2024-12-12,木,89万円,94万円 (95.2%),94万円 (95.2%),107,113 (94.7%),113 (94.7%),"8,363","8,321 (100.5%)","8,321 (100.5%)"
宿泊,令和6年度,1年前,2024-12-13,金,141万円,144万円 (98.1%),144万円 (98.1%),168,188 (89.4%),188 (89.4%),"8,403","7,656 (109.7%)","7,656 (109.7%)"
宿泊,令和6年度,1年前,2024-12-14,土,151万円,101万円 (150.0%),101万円 (150.0%),158,110 (143.6%),110 (143.6%),"9,551","9,144 (104.5%)","9,144 (104.5%)"
宿泊,令和6年度,1年前,2024-12-15,日,196万円,158万円 (124.4%),158万円 (124.4%),166,113 (146.9%),113 (146.9%),"11,836","13,973 (84.7%)","13,973 (84.7%)"
宿泊,令和6年度,1年前,2024-12-16,月,89万円,40万円 (220.2%),40万円 (220.2%),79,39 (202.6%),39 (202.6%),"11,285","10,382 (108.7%)","10,382 (108.7%)"
宿泊,令和6年度,1年前,2024-12-17,火,83万円,90万円 (93.1%),90万円 (93.1%),100,84 (119.0%),84 (119.0%),"8,347","10,676 (78.2%)","10,676 (78.2%)"
宿泊,令和6年度,1年前,2024-12-18,水,87万円,97万円 (89.6%),97万円 (89.6%),95,121 (78.5%),121 (78.5%),"9,170","8,036 (114.1%)","8,036 (114.1%)"
宿泊,令和6年度,1年前,2024-12-19,木,105万円,55万円 (190.0%),55万円 (190.0%),128,71 (180.3%),71 (180.3%),"8,190","7,770 (105.4%)","7,770 (105.4%)"
宿泊,令和6年度,1年前,2024-12-20,金,155万円,105万円 (146.6%),105万円 (146.6%),202,140 (144.3%),140 (144.3%),"7,657","7,535 (101.6%)","7,535 (101.6%)"
宿泊,令和6年度,1年前,2024-12-21,土,113万円,133万円 (84.8%),133万円 (84.8%),132,140 (94.3%),140 (94.3%),"8,524","9,476 (90.0%)","9,476 (90.0%)"
宿泊,令和6年度,1年前,2024-12-22,日,233万円,125万円 (186.4%),125万円 (186.4%),179,105 (170.5%),105 (170.5%),"12,992","11,884 (109.3%)","11,884 (109.3%)"
宿泊,令和6年度,1年前,2024-12-23,月,83万円,76万円 (109.7%),76万円 (109.7%),69,70 (98.6%),70 (98.6%),"12,020","10,802 (111.3%)","10,802 (111.3%)"
宿泊,令和6年度,1年前,2024-12-24,火,69万円,106万円 (65.5%),106万円 (65.5%),78,95 (82.1%),95 (82.1%),"8,890","11,140 (79.8%)","11,140 (79.8%)"
宿泊,令和6年度,1年前,2024-12-25,水,69万円,114万円 (61.0%),114万円 (61.0%),82,110 (74.5%),110 (74.5%),"8,463","10,346 (81.8%)","10,346 (81.8%)"
宿泊,令和6年度,1年前,2024-12-26,木,90万円,31万円 (294.2%),31万円 (294.2%),88,44 (200.0%),44 (200.0%),"10,266","6,980 (147.1%)","6,980 (147.1%)"
宿泊,令和6年度,1年前,2024-12-27,金,112万円,121万円 (91.9%),121万円 (91.9%),129,121 (106.6%),121 (106.6%),"8,653","10,037 (86.2%)","10,037 (86.2%)"
宿泊,令和6年度,1年前,2024-12-28,土,76万円,207万円 (36.8%),207万円 (36.8%),77,170 (45.3%),170 (45.3%),"9,885","12,183 (81.1%)","12,183 (81.1%)"
宿泊,令和6年度,1年前,2024-12-29,日,252万円,289万円 (87.0%),289万円 (87.0%),188,207 (90.8%),207 (90.8%),"13,379","13,965 (95.8%)","13,965 (95.8%)"
宿泊,令和6年度,1年前,2024-12-30,月,320万円,259万円 (123.5%),259万円 (123.5%),240,177 (135.6%),177 (135.6%),"13,316","14,618 (91.1%)","14,618 (91.1%)"
宿泊,令和6年度,1年前,2024-12-31,火,320万円,269万円 (118.9%),269万円 (118.9%),220,170 (129.4%),170 (129.4%),"14,541","15,820 (91.9%)","15,820 (91.9%)"
宿泊,令和6年度,1年前,2025-01-01,水,322万円,209万円 (153.8%),209万円 (153.8%),188,147 (127.9%),147 (127.9%),"17,114","14,230 (120.3%)","14,230 (120.3%)"
宿泊,令和6年度,1年前,2025-01-02,木,275万円,176万円 (156.1%),176万円 (156.1%),172,155 (111.0%),155 (111.0%),"16,002","11,372 (140.7%)","11,372 (140.7%)"
宿泊,令和6年度,1年前,2025-01-03,金,238万円,111万円 (213.5%),111万円 (213.5%),179,85 (210.6%),85 (210.6%),"13,273","13,090 (101.4%)","13,090 (101.4%)"
宿泊,令和6年度,1年前,2025-01-04,土,254万円,54万円 (468.1%),54万円 (468.1%),194,55 (352.7%),55 (352.7%),"13,068","9,848 (132.7%)","9,848 (132.7%)"
宿泊,令和6年度,1年前,2025-01-05,日,173万円,169万円 (102.2%),169万円 (102.2%),120,128 (93.8%),128 (93.8%),"14,381","13,188 (109.0%)","13,188 (109.0%)"
宿泊,令和6年度,1年前,2025-01-06,月,28万円,229万円 (12.3%),229万円 (12.3%),35,178 (19.7%),178 (19.7%),"8,050","12,857 (62.6%)","12,857 (62.6%)"
宿泊,令和6年度,1年前,2025-01-07,火,39万円,26万円 (151.4%),26万円 (151.4%),44,25 (176.0%),25 (176.0%),"8,794","10,222 (86.0%)","10,222 (86.0%)"
宿泊,令和6年度,1年前,2025-01-08,水,44万円,90万円 (48.6%),90万円 (48.6%),45,75 (60.0%),75 (60.0%),"9,708","11,988 (81.0%)","11,988 (81.0%)"
宿泊,令和6年度,1年前,2025-01-09,木,46万円,73万円 (63.5%),73万円 (63.5%),60,80 (75.0%),80 (75.0%),"7,711","9,112 (84.6%)","9,112 (84.6%)"
宿泊,令和6年度,1年前,2025-01-10,金,83万円,91万円 (90.8%),91万円 (90.8%),89,109 (81.7%),109 (81.7%),"9,291","8,354 (111.2%)","8,354 (111.2%)"
宿泊,令和6年度,1年前,2025-01-11,土,76万円,80万円 (95.6%),80万円 (95.6%),93,94 (98.9%),94 (98.9%),"8,188","8,474 (96.6%)","8,474 (96.6%)"
宿泊,令和6年度,1年前,2025-01-12,日,213万円,102万円 (209.8%),102万円 (209.8%),167,85 (196.5%),85 (196.5%),"12,766","11,955 (106.8%)","11,955 (106.8%)"
宿泊,令和6年度,1年前,2025-01-13,月,202万円,50万円 (401.6%),50万円 (401.6%),185,50 (370.0%),50 (370.0%),"10,929","10,069 (108.6%)","10,069 (108.6%)"
宿泊,令和6年度,1年前,2025-01-14,火,49万円,73万円 (66.5%),73万円 (66.5%),47,82 (57.3%),82 (57.3%),"10,355","8,930 (116.0%)","8,930 (116.0%)"
宿泊,令和6年度,1年前,2025-01-15,水,61万円,55万円 (110.5%),55万円 (110.5%),72,76 (94.7%),76 (94.7%),"8,472","7,265 (116.6%)","7,265 (116.6%)"
宿泊,令和6年度,1年前,2025-01-16,木,80万円,79万円 (101.0%),79万円 (101.0%),91,102 (89.2%),102 (89.2%),"8,774","7,747 (113.3%)","7,747 (113.3%)"
宿泊,令和6年度,1年前,2025-01-17,金,93万円,111万円 (83.1%),111万円 (83.1%),116,133 (87.2%),133 (87.2%),"7,980","8,379 (95.2%)","8,379 (95.2%)"
宿泊,令和6年度,1年前,2025-01-18,土,133万円,119万円 (111.3%),119万円 (111.3%),126,120 (105.0%),120 (105.0%),"10,548","9,951 (106.0%)","9,951 (106.0%)"
宿泊,令和6年度,1年前,2025-01-19,日,130万円,173万円 (74.9%),173万円 (74.9%),102,138 (73.9%),138 (73.9%),"12,731","12,565 (101.3%)","12,565 (101.3%)"
宿泊,令和6年度,1年前,2025-01-20,月,66万円,77万円 (85.6%),77万円 (85.6%),53,67 (79.1%),67 (79.1%),"12,493","11,550 (108.2%)","11,550 (108.2%)"
宿泊,令和6年度,1年前,2025-01-21,火,66万円,74万円 (88.1%),74万円 (88.1%),83,78 (106.4%),78 (106.4%),"7,899","9,545 (82.8%)","9,545 (82.8%)"
宿泊,令和6年度,1年前,2025-01-22,水,73万円,78万円 (93.6%),78万円 (93.6%),77,86 (89.5%),86 (89.5%),"9,527","9,118 (104.5%)","9,118 (104.5%)"
宿泊,令和6年度,1年前,2025-01-23,木,94万円,60万円 (156.6%),60万円 (156.6%),114,74 (154.1%),74 (154.1%),"8,269","8,133 (101.7%)","8,133 (101.7%)"
宿泊,令和6年度,1年前,2025-01-24,金,193万円,114万円 (169.3%),114万円 (169.3%),214,128 (167.2%),128 (167.2%),"9,016","8,902 (101.3%)","8,902 (101.3%)"
宿泊,令和6年度,1年前,2025-01-25,土,86万円,92万円 (94.3%),92万円 (94.3%),95,78 (121.8%),78 (121.8%),"9,104","11,764 (77.4%)","11,764 (77.4%)"
宿泊,令和6年度,1年前,2025-01-26,日,171万円,165万円 (103.9%),165万円 (103.9%),150,130 (115.4%),130 (115.4%),"11,392","12,656 (90.0%)","12,656 (90.0%)"
宿泊,令和6年度,1年前,2025-01-27,月,86万円,82万円 (103.9%),82万円 (103.9%),73,62 (117.7%),62 (117.7%),"11,741","13,304 (88.3%)","13,304 (88.3%)"
宿泊,令和6年度,1年前,2025-01-28,火,67万円,41万円 (162.0%),41万円 (162.0%),72,44 (163.6%),44 (163.6%),"9,275","9,367 (99.0%)","9,367 (99.0%)"
宿泊,令和6年度,1年前,2025-01-29,水,58万円,71万円 (81.6%),71万円 (81.6%),76,97 (78.4%),97 (78.4%),"7,603","7,304 (104.1%)","7,304 (104.1%)"
宿泊,令和6年度,1年前,2025-01-30,木,74万円,47万円 (159.5%),47万円 (159.5%),93,63 (147.6%),63 (147.6%),"7,995","7,400 (108.0%)","7,400 (108.0%)"
宿泊,令和6年度,1年前,2025-01-31,金,86万円,90万円 (95.4%),90万円 (95.4%),103,119 (86.6%),119 (86.6%),"8,344","7,571 (110.2%)","7,571 (110.2%)"
宿泊,令和6年度,1年前,2025-02-01,土,104万円,75万円 (139.1%),75万円 (139.1%),98,80 (122.5%),80 (122.5%),"10,605","9,339 (113.6%)","9,339 (113.6%)"
宿泊,令和6年度,1年前,2025-02-02,日,136万円,144万円 (94.2%),144万円 (94.2%),131,146 (89.7%),146 (89.7%),"10,382","9,888 (105.0%)","9,888 (105.0%)"
宿泊,令和6年度,1年前,2025-02-03,月,68万円,77万円 (88.2%),77万円 (88.2%),61,62 (98.4%),62 (98.4%),"11,195","12,486 (89.7%)","12,486 (89.7%)"
宿泊,令和6年度,1年前,2025-02-04,火,61万円,66万円 (92.5%),66万円 (92.5%),67,72 (93.1%),72 (93.1%),"9,143","9,199 (99.4%)","9,199 (99.4%)"
宿泊,令和6年度,1年前,2025-02-05,水,61万円,53万円 (113.9%),53万円 (113.9%),73,68 (107.4%),68 (107.4%),"8,295","7,816 (106.1%)","7,816 (106.1%)"
宿泊,令和6年度,1年前,2025-02-06,木,60万円,70万円 (85.6%),70万円 (85.6%),82,96 (85.4%),96 (85.4%),"7,298","7,281 (100.2%)","7,281 (100.2%)"
宿泊,令和6年度,1年前,2025-02-07,金,139万円,135万円 (102.9%),135万円 (102.9%),142,144 (98.6%),144 (98.6%),"9,787","9,384 (104.3%)","9,384 (104.3%)"
宿泊,令和6年度,1年前,2025-02-08,土,146万円,111万円 (131.4%),111万円 (131.4%),146,117 (124.8%),117 (124.8%),"10,008","9,506 (105.3%)","9,506 (105.3%)"
宿泊,令和6年度,1年前,2025-02-09,日,246万円,260万円 (94.9%),260万円 (94.9%),235,230 (102.2%),230 (102.2%),"10,483","11,284 (92.9%)","11,284 (92.9%)"
宿泊,令和6年度,1年前,2025-02-10,月,230万円,294万円 (78.1%),294万円 (78.1%),176,279 (63.1%),279 (63.1%),"13,060","10,553 (123.8%)","10,553 (123.8%)"
宿泊,令和6年度,1年前,2025-02-11,火,99万円,70万円 (140.4%),70万円 (140.4%),91,68 (133.8%),68 (133.8%),"10,850","10,341 (104.9%)","10,341 (104.9%)"
宿泊,令和6年度,1年前,2025-02-12,水,66万円,68万円 (97.4%),68万円 (97.4%),52,73 (71.2%),73 (71.2%),"12,753","9,322 (136.8%)","9,322 (136.8%)"
宿泊,令和6年度,1年前,2025-02-13,木,62万円,77万円 (80.5%),77万円 (80.5%),77,101 (76.2%),101 (76.2%),"8,095","7,668 (105.6%)","7,668 (105.6%)"
宿泊,令和6年度,1年前,2025-02-14,金,137万円,110万円 (124.4%),110万円 (124.4%),154,142 (108.5%),142 (108.5%),"8,916","7,771 (114.7%)","7,771 (114.7%)"
宿泊,令和6年度,1年前,2025-02-15,土,80万円,80万円 (100.2%),80万円 (100.2%),75,79 (94.9%),79 (94.9%),"10,706","10,147 (105.5%)","10,147 (105.5%)"
宿泊,令和6年度,1年前,2025-02-16,日,225万円,173万円 (129.8%),173万円 (129.8%),160,148 (108.1%),148 (108.1%),"14,032","11,688 (120.0%)","11,688 (120.0%)"
宿泊,令和6年度,1年前,2025-02-17,月,95万円,91万円 (104.3%),91万円 (104.3%),86,76 (113.2%),76 (113.2%),"11,011","11,947 (92.2%)","11,947 (92.2%)"
宿泊,令和6年度,1年前,2025-02-18,火,111万円,97万円 (114.7%),97万円 (114.7%),99,103 (96.1%),103 (96.1%),"11,179","9,370 (119.3%)","9,370 (119.3%)"
宿泊,令和6年度,1年前,2025-02-19,水,110万円,106万円 (103.7%),106万円 (103.7%),135,116 (116.4%),116 (116.4%),"8,140","9,132 (89.1%)","9,132 (89.1%)"
宿泊,令和6年度,1年前,2025-02-20,木,114万円,124万円 (91.6%),124万円 (91.6%),132,158 (83.5%),158 (83.5%),"8,631","7,876 (109.6%)","7,876 (109.6%)"
宿泊,令和6年度,1年前,2025-02-21,金,140万円,119万円 (117.7%),119万円 (117.7%),173,113 (153.1%),113 (153.1%),"8,115","10,559 (76.9%)","10,559 (76.9%)"
宿泊,令和6年度,1年前,2025-02-22,土,129万円,379万円 (34.1%),379万円 (34.1%),115,365 (31.5%),365 (31.5%),"11,240","10,371 (108.4%)","10,371 (108.4%)"
宿泊,令和6年度,1年前,2025-02-23,日,338万円,359万円 (94.3%),359万円 (94.3%),265,278 (95.3%),278 (95.3%),"12,766","12,901 (99.0%)","12,901 (99.0%)"
宿泊,令和6年度,1年前,2025-02-24,月,310万円,77万円 (400.8%),77万円 (400.8%),272,58 (469.0%),58 (469.0%),"11,386","13,321 (85.5%)","13,321 (85.5%)"
宿泊,令和6年度,1年前,2025-02-25,火,188万円,65万円 (289.4%),65万円 (289.4%),155,83 (186.7%),83 (186.7%),"12,134","7,829 (155.0%)","7,829 (155.0%)"
宿泊,令和6年度,1年前,2025-02-26,水,81万円,96万円 (84.3%),96万円 (84.3%),90,109 (82.6%),109 (82.6%),"9,039","8,852 (102.1%)","8,852 (102.1%)"
宿泊,令和6年度,1年前,2025-02-27,木,79万円,84万円 (94.4%),84万円 (94.4%),90,97 (92.8%),97 (92.8%),"8,810","8,663 (101.7%)","8,663 (101.7%)"
宿泊,令和6年度,1年前,2025-02-28,金,100万円,145万円 (69.0%),145万円 (69.0%),110,165 (66.7%),165 (66.7%),"9,063","8,758 (103.5%)","8,758 (103.5%)"
宿泊,令和6年度,1年前,2025-03-01,土,70万円,97万円 (72.5%),97万円 (72.5%),72,111 (64.9%),111 (64.9%),"9,763","8,729 (111.8%)","8,729 (111.8%)"
宿泊,令和6年度,1年前,2025-03-02,日,208万円,177万円 (117.8%),177万円 (117.8%),146,161 (90.7%),161 (90.7%),"14,257","10,978 (129.9%)","10,978 (129.9%)"
宿泊,令和6年度,1年前,2025-03-03,月,83万円,41万円 (200.1%),41万円 (200.1%),60,53 (113.2%),53 (113.2%),"13,825","7,821 (176.8%)","7,821 (176.8%)"
宿泊,令和6年度,1年前,2025-03-04,火,65万円,65万円 (99.2%),65万円 (99.2%),65,83 (78.3%),83 (78.3%),"9,943","7,853 (126.6%)","7,853 (126.6%)"
宿泊,令和6年度,1年前,2025-03-05,水,99万円,86万円 (116.0%),86万円 (116.0%),114,104 (109.6%),104 (109.6%),"8,703","8,227 (105.8%)","8,227 (105.8%)"
宿泊,令和6年度,1年前,2025-03-06,木,97万円,93万円 (104.5%),93万円 (104.5%),93,111 (83.8%),111 (83.8%),"10,450","8,381 (124.7%)","8,381 (124.7%)"
宿泊,令和6年度,1年前,2025-03-07,金,135万円,109万円 (123.5%),109万円 (123.5%),147,132 (111.4%),132 (111.4%),"9,187","8,285 (110.9%)","8,285 (110.9%)"
宿泊,令和6年度,1年前,2025-03-08,土,111万円,111万円 (100.0%),111万円 (100.0%),99,113 (87.6%),113 (87.6%),"11,214","9,828 (114.1%)","9,828 (114.1%)"
宿泊,令和6年度,1年前,2025-03-09,日,258万円,167万円 (154.7%),167万円 (154.7%),229,168 (136.3%),168 (136.3%),"11,267","9,930 (113.5%)","9,930 (113.5%)"
宿泊,令和6年度,1年前,2025-03-10,月,88万円,67万円 (130.8%),67万円 (130.8%),68,52 (130.8%),52 (130.8%),"12,959","12,957 (100.0%)","12,957 (100.0%)"
宿泊,令和6年度,1年前,2025-03-11,火,73万円,82万円 (89.8%),82万円 (89.8%),79,87 (90.8%),87 (90.8%),"9,272","9,374 (98.9%)","9,374 (98.9%)"
宿泊,令和6年度,1年前,2025-03-12,水,119万円,79万円 (150.2%),79万円 (150.2%),126,92 (137.0%),92 (137.0%),"9,406","8,578 (109.7%)","8,578 (109.7%)"
宿泊,令和6年度,1年前,2025-03-13,木,76万円,89万円 (85.1%),89万円 (85.1%),95,105 (90.5%),105 (90.5%),"7,978","8,481 (94.1%)","8,481 (94.1%)"
宿泊,令和6年度,1年前,2025-03-14,金,153万円,164万円 (93.2%),164万円 (93.2%),177,199 (88.9%),199 (88.9%),"8,628","8,231 (104.8%)","8,231 (104.8%)"
宿泊,令和6年度,1年前,2025-03-15,土,120万円,95万円 (125.7%),95万円 (125.7%),125,116 (107.8%),116 (107.8%),"9,601","8,228 (116.7%)","8,228 (116.7%)"
宿泊,令和6年度,1年前,2025-03-16,日,221万円,183万円 (121.0%),183万円 (121.0%),166,166 (100.0%),166 (100.0%),"13,338","11,022 (121.0%)","11,022 (121.0%)"
宿泊,令和6年度,1年前,2025-03-17,月,166万円,82万円 (201.6%),82万円 (201.6%),140,93 (150.5%),93 (150.5%),"11,823","8,829 (133.9%)","8,829 (133.9%)"
宿泊,令和6年度,1年前,2025-03-18,火,59万円,98万円 (60.4%),98万円 (60.4%),72,139 (51.8%),139 (51.8%),"8,213","7,041 (116.6%)","7,041 (116.6%)"
宿泊,令和6年度,1年前,2025-03-19,水,113万円,103万円 (109.9%),103万円 (109.9%),121,122 (99.2%),122 (99.2%),"9,348","8,433 (110.9%)","8,433 (110.9%)"
宿泊,令和6年度,1年前,2025-03-20,木,123万円,88万円 (140.2%),88万円 (140.2%),128,96 (133.3%),96 (133.3%),"9,586","9,115 (105.2%)","9,115 (105.2%)"
宿泊,令和6年度,1年前,2025-03-21,金,150万円,165万円 (90.5%),165万円 (90.5%),145,187 (77.5%),187 (77.5%),"10,325","8,848 (116.7%)","8,848 (116.7%)"
宿泊,令和6年度,1年前,2025-03-22,土,188万円,73万円 (256.6%),73万円 (256.6%),184,77 (239.0%),77 (239.0%),"10,224","9,520 (107.4%)","9,520 (107.4%)"
宿泊,令和6年度,1年前,2025-03-23,日,277万円,202万円 (137.1%),202万円 (137.1%),238,180 (132.2%),180 (132.2%),"11,631","11,220 (103.7%)","11,220 (103.7%)"
宿泊,令和6年度,1年前,2025-03-24,月,98万円,137万円 (71.7%),137万円 (71.7%),90,114 (78.9%),114 (78.9%),"10,929","12,040 (90.8%)","12,040 (90.8%)"
宿泊,令和6年度,1年前,2025-03-25,火,112万円,52万円 (215.7%),52万円 (215.7%),117,61 (191.8%),61 (191.8%),"9,581","8,518 (112.5%)","8,518 (112.5%)"
宿泊,令和6年度,1年前,2025-03-26,水,95万円,108万円 (88.2%),108万円 (88.2%),100,123 (81.3%),123 (81.3%),"9,529","8,787 (108.4%)","8,787 (108.4%)"
宿泊,令和6年度,1年前,2025-03-27,木,98万円,100万円 (97.7%),100万円 (97.7%),113,112 (100.9%),112 (100.9%),"8,634","8,916 (96.8%)","8,916 (96.8%)"
宿泊,令和6年度,1年前,2025-03-28,金,179万円,148万円 (121.3%),148万円 (121.3%),192,180 (106.7%),180 (106.7%),"9,323","8,197 (113.7%)","8,197 (113.7%)"
宿泊,令和6年度,1年前,2025-03-29,土,138万円,100万円 (137.7%),100万円 (137.7%),125,113 (110.6%),113 (110.6%),"11,008","8,842 (124.5%)","8,842 (124.5%)"
宿泊,令和6年度,1年前,2025-03-30,日,278万円,225万円 (123.7%),225万円 (123.7%),210,203 (103.4%),203 (103.4%),"13,262","11,088 (119.6%)","11,088 (119.6%)"
宿泊,令和6年度,1年前,2025-03-31,月,145万円,76万円 (189.6%),76万円 (189.6%),133,82 (162.2%),82 (162.2%),"10,898","9,321 (116.9%)","9,321 (116.9%)"
宿泊,令和7年度,1年前,2025-04-01,火,51万円,38万円 (133.7%),38万円 (133.7%),74,52 (142.3%),52 (142.3%),"6,939","7,388 (93.9%)","7,388 (93.9%)"
宿泊,令和7年度,1年前,2025-04-02,水,48万円,84万円 (57.4%),84万円 (57.4%),65,114 (57.0%),114 (57.0%),"7,452","7,401 (100.7%)","7,401 (100.7%)"
宿泊,令和7年度,1年前,2025-04-03,木,79万円,58万円 (135.8%),58万円 (135.8%),108,77 (140.3%),77 (140.3%),"7,273","7,510 (96.9%)","7,510 (96.9%)"
宿泊,令和7年度,1年前,2025-04-04,金,138万円,107万円 (128.5%),107万円 (128.5%),152,117 (129.9%),117 (129.9%),"9,046","9,149 (98.9%)","9,149 (98.9%)"
宿泊,令和7年度,1年前,2025-04-05,土,65万円,56万円 (116.0%),56万円 (116.0%),73,62 (117.7%),62 (117.7%),"8,855","8,985 (98.6%)","8,985 (98.6%)"
宿泊,令和7年度,1年前,2025-04-06,日,209万円,199万円 (104.8%),199万円 (104.8%),160,170 (94.1%),170 (94.1%),"13,063","11,730 (111.4%)","11,730 (111.4%)"
宿泊,令和7年度,1年前,2025-04-07,月,63万円,51万円 (123.6%),51万円 (123.6%),50,55 (90.9%),55 (90.9%),"12,546","9,231 (135.9%)","9,231 (135.9%)"
宿泊,令和7年度,1年前,2025-04-08,火,70万円,46万円 (150.9%),46万円 (150.9%),73,63 (115.9%),63 (115.9%),"9,542","7,330 (130.2%)","7,330 (130.2%)"
宿泊,令和7年度,1年前,2025-04-09,水,110万円,72万円 (153.5%),72万円 (153.5%),125,78 (160.3%),78 (160.3%),"8,829","9,216 (95.8%)","9,216 (95.8%)"
宿泊,令和7年度,1年前,2025-04-10,木,91万円,67万円 (134.8%),67万円 (134.8%),109,81 (134.6%),81 (134.6%),"8,316","8,304 (100.1%)","8,304 (100.1%)"
宿泊,令和7年度,1年前,2025-04-11,金,158万円,108万円 (146.4%),108万円 (146.4%),163,128 (127.3%),128 (127.3%),"9,670","8,414 (114.9%)","8,414 (114.9%)"
宿泊,令和7年度,1年前,2025-04-12,土,173万円,125万円 (138.5%),125万円 (138.5%),183,132 (138.6%),132 (138.6%),"9,467","9,473 (99.9%)","9,473 (99.9%)"
宿泊,令和7年度,1年前,2025-04-13,日,314万円,251万円 (124.9%),251万円 (124.9%),297,238 (124.8%),238 (124.8%),"10,573","10,563 (100.1%)","10,563 (100.1%)"
宿泊,令和7年度,1年前,2025-04-14,月,94万円,101万円 (92.9%),101万円 (92.9%),105,95 (110.5%),95 (110.5%),"8,976","10,678 (84.1%)","10,678 (84.1%)"
宿泊,令和7年度,1年前,2025-04-15,火,122万円,102万円 (119.8%),102万円 (119.8%),115,117 (98.3%),117 (98.3%),"10,634","8,721 (121.9%)","8,721 (121.9%)"
宿泊,令和7年度,1年前,2025-04-16,水,129万円,95万円 (136.2%),95万円 (136.2%),127,108 (117.6%),108 (117.6%),"10,181","8,788 (115.8%)","8,788 (115.8%)"
宿泊,令和7年度,1年前,2025-04-17,木,129万円,148万円 (87.4%),148万円 (87.4%),121,165 (73.3%),165 (73.3%),"10,702","8,984 (119.1%)","8,984 (119.1%)"
宿泊,令和7年度,1年前,2025-04-18,金,209万円,206万円 (101.7%),206万円 (101.7%),227,204 (111.3%),204 (111.3%),"9,206","10,075 (91.4%)","10,075 (91.4%)"
宿泊,令和7年度,1年前,2025-04-19,土,166万円,128万円 (129.5%),128万円 (129.5%),167,116 (144.0%),116 (144.0%),"9,913","11,018 (90.0%)","11,018 (90.0%)"
宿泊,令和7年度,1年前,2025-04-20,日,262万円,186万円 (140.9%),186万円 (140.9%),222,187 (118.7%),187 (118.7%),"11,820","9,956 (118.7%)","9,956 (118.7%)"
宿泊,令和7年度,1年前,2025-04-21,月,108万円,100万円 (107.9%),100万円 (107.9%),97,82 (118.3%),82 (118.3%),"11,134","12,204 (91.2%)","12,204 (91.2%)"
宿泊,令和7年度,1年前,2025-04-22,火,85万円,63万円 (134.8%),63万円 (134.8%),89,69 (129.0%),69 (129.0%),"9,522","9,113 (104.5%)","9,113 (104.5%)"
宿泊,令和7年度,1年前,2025-04-23,水,104万円,123万円 (85.0%),123万円 (85.0%),106,140 (75.7%),140 (75.7%),"9,841","8,762 (112.3%)","8,762 (112.3%)"
宿泊,令和7年度,1年前,2025-04-24,木,147万円,88万円 (166.9%),88万円 (166.9%),151,99 (152.5%),99 (152.5%),"9,740","8,900 (109.4%)","8,900 (109.4%)"
宿泊,令和7年度,1年前,2025-04-25,金,154万円,117万円 (131.6%),117万円 (131.6%),170,141 (120.6%),141 (120.6%),"9,050","8,292 (109.1%)","8,292 (109.1%)"
宿泊,令和7年度,1年前,2025-04-26,土,148万円,147万円 (101.1%),147万円 (101.1%),137,148 (92.6%),148 (92.6%),"10,837","9,923 (109.2%)","9,923 (109.2%)"
宿泊,令和7年度,1年前,2025-04-27,日,287万円,366万円 (78.4%),366万円 (78.4%),225,277 (81.2%),277 (81.2%),"12,736","13,202 (96.5%)","13,202 (96.5%)"
宿泊,令和7年度,1年前,2025-04-28,月,169万円,400万円 (42.2%),400万円 (42.2%),138,294 (46.9%),294 (46.9%),"12,233","13,607 (89.9%)","13,607 (89.9%)"
宿泊,令和7年度,1年前,2025-04-29,火,268万円,226万円 (118.3%),226万円 (118.3%),220,202 (108.9%),202 (108.9%),"12,168","11,201 (108.6%)","11,201 (108.6%)"
宿泊,令和7年度,1年前,2025-04-30,水,186万円,253万円 (73.7%),253万円 (73.7%),147,203 (72.4%),203 (72.4%),"12,674","12,455 (101.8%)","12,455 (101.8%)"
宿泊,令和7年度,1年前,2025-05-01,木,105万円,176万円 (59.8%),176万円 (59.8%),114,168 (67.9%),168 (67.9%),"9,252","10,493 (88.2%)","10,493 (88.2%)"
宿泊,令和7年度,1年前,2025-05-02,金,222万円,303万円 (73.1%),303万円 (73.1%),192,268 (71.6%),268 (71.6%),"11,551","11,320 (102.0%)","11,320 (102.0%)"
宿泊,令和7年度,1年前,2025-05-03,土,264万円,377万円 (70.0%),377万円 (70.0%),219,266 (82.3%),266 (82.3%),"12,053","14,170 (85.1%)","14,170 (85.1%)"
宿泊,令和7年度,1年前,2025-05-04,日,500万円,518万円 (96.6%),518万円 (96.6%),345,352 (98.0%),352 (98.0%),"14,496","14,704 (98.6%)","14,704 (98.6%)"
宿泊,令和7年度,1年前,2025-05-05,月,586万円,447万円 (131.0%),447万円 (131.0%),414,355 (116.6%),355 (116.6%),"14,150","12,599 (112.3%)","12,599 (112.3%)"
宿泊,令和7年度,1年前,2025-05-06,火,450万円,149万円 (300.9%),149万円 (300.9%),304,136 (223.5%),136 (223.5%),"14,791","10,987 (134.6%)","10,987 (134.6%)"
宿泊,令和7年度,1年前,2025-05-07,水,88万円,48万円 (184.1%),48万円 (184.1%),72,58 (124.1%),58 (124.1%),"12,247","8,257 (148.3%)","8,257 (148.3%)"
宿泊,令和7年度,1年前,2025-05-08,木,62万円,134万円 (46.5%),134万円 (46.5%),74,166 (44.6%),166 (44.6%),"8,424","8,081 (104.2%)","8,081 (104.2%)"
宿泊,令和7年度,1年前,2025-05-09,金,72万円,146万円 (49.1%),146万円 (49.1%),93,167 (55.7%),167 (55.7%),"7,725","8,754 (88.2%)","8,754 (88.2%)"
宿泊,令和7年度,1年前,2025-05-10,土,78万円,89万円 (88.2%),89万円 (88.2%),78,101 (77.2%),101 (77.2%),"10,039","8,785 (114.3%)","8,785 (114.3%)"
宿泊,令和7年度,1年前,2025-05-11,日,201万円,207万円 (97.1%),207万円 (97.1%),185,209 (88.5%),209 (88.5%),"10,839","9,884 (109.7%)","9,884 (109.7%)"
宿泊,令和7年度,1年前,2025-05-12,月,94万円,110万円 (85.5%),110万円 (85.5%),91,91 (100.0%),91 (100.0%),"10,382","12,137 (85.5%)","12,137 (85.5%)"
宿泊,令和7年度,1年前,2025-05-13,火,81万円,72万円 (112.2%),72万円 (112.2%),84,78 (107.7%),78 (107.7%),"9,679","9,287 (104.2%)","9,287 (104.2%)"
宿泊,令和7年度,1年前,2025-05-14,水,144万円,105万円 (136.4%),105万円 (136.4%),138,99 (139.4%),99 (139.4%),"10,399","10,624 (97.9%)","10,624 (97.9%)"
宿泊,令和7年度,1年前,2025-05-15,木,121万円,160万円 (75.6%),160万円 (75.6%),125,180 (69.4%),180 (69.4%),"9,702","8,912 (108.9%)","8,912 (108.9%)"
宿泊,令和7年度,1年前,2025-05-16,金,177万円,167万円 (105.5%),167万円 (105.5%),185,176 (105.1%),176 (105.1%),"9,541","9,506 (100.4%)","9,506 (100.4%)"
宿泊,令和7年度,1年前,2025-05-17,土,152万円,97万円 (156.7%),97万円 (156.7%),141,99 (142.4%),99 (142.4%),"10,758","9,779 (110.0%)","9,779 (110.0%)"
宿泊,令和7年度,1年前,2025-05-18,日,294万円,232万円 (126.8%),232万円 (126.8%),242,210 (115.2%),210 (115.2%),"12,143","11,039 (110.0%)","11,039 (110.0%)"
宿泊,令和7年度,1年前,2025-05-19,月,121万円,131万円 (92.1%),131万円 (92.1%),101,103 (98.1%),103 (98.1%),"11,961","12,731 (94.0%)","12,731 (94.0%)"
宿泊,令和7年度,1年前,2025-05-20,火,107万円,101万円 (105.8%),101万円 (105.8%),110,116 (94.8%),116 (94.8%),"9,703","8,695 (111.6%)","8,695 (111.6%)"
宿泊,令和7年度,1年前,2025-05-21,水,111万円,143万円 (77.6%),143万円 (77.6%),107,163 (65.6%),163 (65.6%),"10,386","8,789 (118.2%)","8,789 (118.2%)"
宿泊,令和7年度,1年前,2025-05-22,木,150万円,107万円 (140.7%),107万円 (140.7%),156,112 (139.3%),112 (139.3%),"9,645","9,549 (101.0%)","9,549 (101.0%)"
宿泊,令和7年度,1年前,2025-05-23,金,198万円,156万円 (127.6%),156万円 (127.6%),208,169 (123.1%),169 (123.1%),"9,542","9,203 (103.7%)","9,203 (103.7%)"
宿泊,令和7年度,1年前,2025-05-24,土,174万円,119万円 (145.8%),119万円 (145.8%),194,115 (168.7%),115 (168.7%),"8,946","10,352 (86.4%)","10,352 (86.4%)"
宿泊,令和7年度,1年前,2025-05-25,日,216万円,170万円 (126.7%),170万円 (126.7%),195,162 (120.4%),162 (120.4%),"11,052","10,498 (105.3%)","10,498 (105.3%)"
宿泊,令和7年度,1年前,2025-05-26,月,122万円,110万円 (110.9%),110万円 (110.9%),84,93 (90.3%),93 (90.3%),"14,528","11,827 (122.8%)","11,827 (122.8%)"
宿泊,令和7年度,1年前,2025-05-27,火,141万円,111万円 (126.6%),111万円 (126.6%),162,99 (163.6%),99 (163.6%),"8,713","11,260 (77.4%)","11,260 (77.4%)"
宿泊,令和7年度,1年前,2025-05-28,水,106万円,102万円 (104.3%),102万円 (104.3%),118,124 (95.2%),124 (95.2%),"8,987","8,202 (109.6%)","8,202 (109.6%)"
宿泊,令和7年度,1年前,2025-05-29,木,129万円,113万円 (114.7%),113万円 (114.7%),133,126 (105.6%),126 (105.6%),"9,709","8,939 (108.6%)","8,939 (108.6%)"
宿泊,令和7年度,1年前,2025-05-30,金,179万円,116万円 (153.6%),116万円 (153.6%),201,146 (137.7%),146 (137.7%),"8,890","7,969 (111.6%)","7,969 (111.6%)"
宿泊,令和7年度,1年前,2025-05-31,土,161万円,81万円 (199.3%),81万円 (199.3%),131,75 (174.7%),75 (174.7%),"12,269","10,750 (114.1%)","10,750 (114.1%)"
宿泊,令和7年度,1年前,2025-06-01,日,239万円,219万円 (108.9%),219万円 (108.9%),225,201 (111.9%),201 (111.9%),"10,621","10,918 (97.3%)","10,918 (97.3%)"
宿泊,令和7年度,1年前,2025-06-02,月,93万円,94万円 (99.0%),94万円 (99.0%),89,80 (111.3%),80 (111.3%),"10,461","11,761 (88.9%)","11,761 (88.9%)"
宿泊,令和7年度,1年前,2025-06-03,火,98万円,90万円 (108.4%),90万円 (108.4%),110,96 (114.6%),96 (114.6%),"8,910","9,418 (94.6%)","9,418 (94.6%)"
宿泊,令和7年度,1年前,2025-06-04,水,115万円,101万円 (113.4%),101万円 (113.4%),114,109 (104.6%),109 (104.6%),"10,057","9,276 (108.4%)","9,276 (108.4%)"
宿泊,令和7年度,1年前,2025-06-05,木,156万円,70万円 (223.2%),70万円 (223.2%),174,90 (193.3%),90 (193.3%),"8,937","7,740 (115.5%)","7,740 (115.5%)"
宿泊,令和7年度,1年前,2025-06-06,金,233万円,145万円 (160.3%),145万円 (160.3%),251,184 (136.4%),184 (136.4%),"9,272","7,891 (117.5%)","7,891 (117.5%)"
宿泊,令和7年度,1年前,2025-06-07,土,199万円,157万円 (127.2%),157万円 (127.2%),158,128 (123.4%),128 (123.4%),"12,620","12,250 (103.0%)","12,250 (103.0%)"
宿泊,令和7年度,1年前,2025-06-08,日,356万円,373万円 (95.4%),373万円 (95.4%),263,339 (77.6%),339 (77.6%),"13,541","11,013 (123.0%)","11,013 (123.0%)"
宿泊,令和7年度,1年前,2025-06-09,月,116万円,105万円 (110.2%),105万円 (110.2%),93,89 (104.5%),89 (104.5%),"12,481","11,838 (105.4%)","11,838 (105.4%)"
宿泊,令和7年度,1年前,2025-06-10,火,114万円,79万円 (144.7%),79万円 (144.7%),110,80 (137.5%),80 (137.5%),"10,387","9,868 (105.3%)","9,868 (105.3%)"
宿泊,令和7年度,1年前,2025-06-11,水,220万円,89万円 (248.7%),89万円 (248.7%),242,88 (275.0%),88 (275.0%),"9,106","10,068 (90.4%)","10,068 (90.4%)"
宿泊,令和7年度,1年前,2025-06-12,木,130万円,100万円 (130.9%),100万円 (130.9%),132,103 (128.2%),103 (128.2%),"9,883","9,676 (102.1%)","9,676 (102.1%)"
宿泊,令和7年度,1年前,2025-06-13,金,162万円,196万円 (82.4%),196万円 (82.4%),171,189 (90.5%),189 (90.5%),"9,452","10,372 (91.1%)","10,372 (91.1%)"
宿泊,令和7年度,1年前,2025-06-14,土,206万円,175万円 (117.7%),175万円 (117.7%),190,153 (124.2%),153 (124.2%),"10,859","11,453 (94.8%)","11,453 (94.8%)"
宿泊,令和7年度,1年前,2025-06-15,日,368万円,253万円 (145.3%),253万円 (145.3%),306,239 (128.0%),239 (128.0%),"12,016","10,587 (113.5%)","10,587 (113.5%)"
宿泊,令和7年度,1年前,2025-06-16,月,191万円,150万円 (126.9%),150万円 (126.9%),153,131 (116.8%),131 (116.8%),"12,456","11,462 (108.7%)","11,462 (108.7%)"
宿泊,令和7年度,1年前,2025-06-17,火,115万円,100万円 (114.7%),100万円 (114.7%),105,111 (94.6%),111 (94.6%),"10,977","9,050 (121.3%)","9,050 (121.3%)"
宿泊,令和7年度,1年前,2025-06-18,水,138万円,123万円 (112.8%),123万円 (112.8%),145,125 (116.0%),125 (116.0%),"9,529","9,801 (97.2%)","9,801 (97.2%)"
宿泊,令和7年度,1年前,2025-06-19,木,125万円,122万円 (102.1%),122万円 (102.1%),128,124 (103.2%),124 (103.2%),"9,765","9,870 (98.9%)","9,870 (98.9%)"
宿泊,令和7年度,1年前,2025-06-20,金,200万円,185万円 (107.8%),185万円 (107.8%),244,188 (129.8%),188 (129.8%),"8,179","9,844 (83.1%)","9,844 (83.1%)"
宿泊,令和7年度,1年前,2025-06-21,土,231万円,217万円 (106.2%),217万円 (106.2%),218,205 (106.3%),205 (106.3%),"10,590","10,605 (99.9%)","10,605 (99.9%)"
宿泊,令和7年度,1年前,2025-06-22,日,386万円,305万円 (126.5%),305万円 (126.5%),315,249 (126.5%),249 (126.5%),"12,239","12,244 (100.0%)","12,244 (100.0%)"
宿泊,令和7年度,1年前,2025-06-23,月,135万円,170万円 (79.7%),170万円 (79.7%),94,140 (67.1%),140 (67.1%),"14,379","12,112 (118.7%)","12,112 (118.7%)"
宿泊,令和7年度,1年前,2025-06-24,火,105万円,139万円 (75.6%),139万円 (75.6%),91,127 (71.7%),127 (71.7%),"11,528","10,919 (105.6%)","10,919 (105.6%)"
宿泊,令和7年度,1年前,2025-06-25,水,135万円,194万円 (69.3%),194万円 (69.3%),145,172 (84.3%),172 (84.3%),"9,291","11,305 (82.2%)","11,305 (82.2%)"
宿泊,令和7年度,1年前,2025-06-26,木,178万円,131万円 (135.8%),131万円 (135.8%),201,138 (145.7%),138 (145.7%),"8,875","9,520 (93.2%)","9,520 (93.2%)"
宿泊,令和7年度,1年前,2025-06-27,金,142万円,211万円 (67.0%),211万円 (67.0%),166,224 (74.1%),224 (74.1%),"8,526","9,435 (90.4%)","9,435 (90.4%)"
宿泊,令和7年度,1年前,2025-06-28,土,161万円,213万円 (75.8%),213万円 (75.8%),171,193 (88.6%),193 (88.6%),"9,434","11,030 (85.5%)","11,030 (85.5%)"
宿泊,令和7年度,1年前,2025-06-29,日,368万円,347万円 (106.1%),347万円 (106.1%),314,309 (101.6%),309 (101.6%),"11,730","11,239 (104.4%)","11,239 (104.4%)"
宿泊,令和7年度,1年前,2025-06-30,月,129万円,124万円 (103.5%),124万円 (103.5%),108,92 (117.4%),92 (117.4%),"11,922","13,521 (88.2%)","13,521 (88.2%)"
宿泊,令和7年度,1年前,2025-07-01,火,81万円,87万円 (93.8%),87万円 (93.8%),68,97 (70.1%),97 (70.1%),"11,949","8,934 (133.7%)","8,934 (133.7%)"
宿泊,令和7年度,1年前,2025-07-02,水,116万円,146万円 (79.5%),146万円 (79.5%),108,169 (63.9%),169 (63.9%),"10,713","8,610 (124.4%)","8,610 (124.4%)"
宿泊,令和7年度,1年前,2025-07-03,木,102万円,87万円 (117.7%),87万円 (117.7%),111,111 (100.0%),111 (100.0%),"9,213","7,828 (117.7%)","7,828 (117.7%)"
宿泊,令和7年度,1年前,2025-07-04,金,194万円,159万円 (121.6%),159万円 (121.6%),192,170 (112.9%),170 (112.9%),"10,092","9,374 (107.7%)","9,374 (107.7%)"
宿泊,令和7年度,1年前,2025-07-05,土,140万円,121万円 (116.0%),121万円 (116.0%),120,118 (101.7%),118 (101.7%),"11,652","10,218 (114.0%)","10,218 (114.0%)"
宿泊,令和7年度,1年前,2025-07-06,日,319万円,182万円 (175.6%),182万円 (175.6%),248,174 (142.5%),174 (142.5%),"12,855","10,432 (123.2%)","10,432 (123.2%)"
宿泊,令和7年度,1年前,2025-07-07,月,134万円,120万円 (111.1%),120万円 (111.1%),122,89 (137.1%),89 (137.1%),"10,950","13,508 (81.1%)","13,508 (81.1%)"
宿泊,令和7年度,1年前,2025-07-08,火,88万円,76万円 (116.6%),76万円 (116.6%),103,80 (128.8%),80 (128.8%),"8,569","9,461 (90.6%)","9,461 (90.6%)"
宿泊,令和7年度,1年前,2025-07-09,水,94万円,88万円 (107.1%),88万円 (107.1%),100,89 (112.4%),89 (112.4%),"9,379","9,837 (95.3%)","9,837 (95.3%)"
宿泊,令和7年度,1年前,2025-07-10,木,79万円,84万円 (94.0%),84万円 (94.0%),92,83 (110.8%),83 (110.8%),"8,543","10,076 (84.8%)","10,076 (84.8%)"
宿泊,令和7年度,1年前,2025-07-11,金,145万円,173万円 (83.5%),173万円 (83.5%),154,195 (79.0%),195 (79.0%),"9,398","8,893 (105.7%)","8,893 (105.7%)"
宿泊,令和7年度,1年前,2025-07-12,土,120万円,227万円 (53.1%),227万円 (53.1%),105,231 (45.5%),231 (45.5%),"11,465","9,820 (116.8%)","9,820 (116.8%)"
宿泊,令和7年度,1年前,2025-07-13,日,279万円,333万円 (83.8%),333万円 (83.8%),213,299 (71.2%),299 (71.2%),"13,087","11,126 (117.6%)","11,126 (117.6%)"
宿泊,令和7年度,1年前,2025-07-14,月,71万円,319万円 (22.4%),319万円 (22.4%),69,258 (26.7%),258 (26.7%),"10,350","12,356 (83.8%)","12,356 (83.8%)"
宿泊,令和7年度,1年前,2025-07-15,火,79万円,101万円 (78.5%),101万円 (78.5%),88,103 (85.4%),103 (85.4%),"8,975","9,769 (91.9%)","9,769 (91.9%)"
宿泊,令和7年度,1年前,2025-07-16,水,113万円,79万円 (143.7%),79万円 (143.7%),111,88 (126.1%),88 (126.1%),"10,214","8,966 (113.9%)","8,966 (113.9%)"
宿泊,令和7年度,1年前,2025-07-17,木,159万円,88万円 (181.0%),88万円 (181.0%),173,107 (161.7%),107 (161.7%),"9,168","8,192 (111.9%)","8,192 (111.9%)"
宿泊,令和7年度,1年前,2025-07-18,金,209万円,133万円 (157.8%),133万円 (157.8%),214,143 (149.7%),143 (149.7%),"9,779","9,273 (105.5%)","9,273 (105.5%)"
宿泊,令和7年度,1年前,2025-07-19,土,161万円,111万円 (145.2%),111万円 (145.2%),134,127 (105.5%),127 (105.5%),"12,000","8,720 (137.6%)","8,720 (137.6%)"
宿泊,令和7年度,1年前,2025-07-20,日,434万円,212万円 (204.4%),212万円 (204.4%),332,209 (158.9%),209 (158.9%),"13,062","10,151 (128.7%)","10,151 (128.7%)"
宿泊,令和7年度,1年前,2025-07-21,月,400万円,107万円 (373.5%),107万円 (373.5%),297,86 (345.3%),86 (345.3%),"13,481","12,463 (108.2%)","12,463 (108.2%)"
宿泊,令和7年度,1年前,2025-07-22,火,147万円,101万円 (145.4%),101万円 (145.4%),114,99 (115.2%),99 (115.2%),"12,915","10,226 (126.3%)","10,226 (126.3%)"
宿泊,令和7年度,1年前,2025-07-23,水,95万円,83万円 (114.7%),83万円 (114.7%),98,110 (89.1%),110 (89.1%),"9,673","7,511 (128.8%)","7,511 (128.8%)"
宿泊,令和7年度,1年前,2025-07-24,木,154万円,95万円 (161.1%),95万円 (161.1%),148,110 (134.5%),110 (134.5%),"10,387","8,673 (119.8%)","8,673 (119.8%)"
宿泊,令和7年度,1年前,2025-07-25,金,156万円,157万円 (99.1%),157万円 (99.1%),166,181 (91.7%),181 (91.7%),"9,371","8,668 (108.1%)","8,668 (108.1%)"
宿泊,令和7年度,1年前,2025-07-26,土,181万円,144万円 (125.1%),144万円 (125.1%),140,141 (99.3%),141 (99.3%),"12,895","10,233 (126.0%)","10,233 (126.0%)"
宿泊,令和7年度,1年前,2025-07-27,日,309万円,227万円 (136.2%),227万円 (136.2%),260,215 (120.9%),215 (120.9%),"11,881","10,548 (112.6%)","10,548 (112.6%)"
宿泊,令和7年度,1年前,2025-07-28,月,264万円,117万円 (226.0%),117万円 (226.0%),201,91 (220.9%),91 (220.9%),"13,152","12,853 (102.3%)","12,853 (102.3%)"
宿泊,令和7年度,1年前,2025-07-29,火,141万円,102万円 (138.6%),102万円 (138.6%),112,105 (106.7%),105 (106.7%),"12,621","9,714 (129.9%)","9,714 (129.9%)"
宿泊,令和7年度,1年前,2025-07-30,水,172万円,121万円 (142.1%),121万円 (142.1%),166,128 (129.7%),128 (129.7%),"10,365","9,458 (109.6%)","9,458 (109.6%)"
宿泊,令和7年度,1年前,2025-07-31,木,175万円,91万円 (193.2%),91万円 (193.2%),157,99 (158.6%),99 (158.6%),"11,138","9,144 (121.8%)","9,144 (121.8%)"
宿泊,令和7年度,1年前,2025-08-01,金,187万円,106万円 (176.6%),106万円 (176.6%),176,118 (149.2%),118 (149.2%),"10,627","8,975 (118.4%)","8,975 (118.4%)"
宿泊,令和7年度,1年前,2025-08-02,土,191万円,194万円 (98.6%),194万円 (98.6%),190,214 (88.8%),214 (88.8%),"10,057","9,060 (111.0%)","9,060 (111.0%)"
宿泊,令和7年度,1年前,2025-08-03,日,260万円,261万円 (99.7%),261万円 (99.7%),204,245 (83.3%),245 (83.3%),"12,768","10,662 (119.8%)","10,662 (119.8%)"
宿泊,令和7年度,1年前,2025-08-04,月,175万円,90万円 (195.2%),90万円 (195.2%),138,80 (172.5%),80 (172.5%),"12,694","11,217 (113.2%)","11,217 (113.2%)"
宿泊,令和7年度,1年前,2025-08-05,火,157万円,181万円 (86.7%),181万円 (86.7%),141,181 (77.9%),181 (77.9%),"11,157","10,020 (111.3%)","10,020 (111.3%)"
宿泊,令和7年度,1年前,2025-08-06,水,174万円,187万円 (93.0%),187万円 (93.0%),152,201 (75.6%),201 (75.6%),"11,433","9,299 (123.0%)","9,299 (123.0%)"
宿泊,令和7年度,1年前,2025-08-07,木,179万円,152万円 (118.0%),152万円 (118.0%),162,170 (95.3%),170 (95.3%),"11,044","8,919 (123.8%)","8,919 (123.8%)"
宿泊,令和7年度,1年前,2025-08-08,金,166万円,175万円 (94.5%),175万円 (94.5%),195,183 (106.6%),183 (106.6%),"8,490","9,571 (88.7%)","9,571 (88.7%)"
宿泊,令和7年度,1年前,2025-08-09,土,206万円,158万円 (130.7%),158万円 (130.7%),195,161 (121.1%),161 (121.1%),"10,581","9,803 (107.9%)","9,803 (107.9%)"
宿泊,令和7年度,1年前,2025-08-10,日,425万円,395万円 (107.7%),395万円 (107.7%),316,297 (106.4%),297 (106.4%),"13,452","13,289 (101.2%)","13,289 (101.2%)"
宿泊,令和7年度,1年前,2025-08-11,月,581万円,422万円 (137.6%),422万円 (137.6%),438,336 (130.4%),336 (130.4%),"13,262","12,567 (105.5%)","12,567 (105.5%)"
宿泊,令和7年度,1年前,2025-08-12,火,400万円,296万円 (135.4%),296万円 (135.4%),372,238 (156.3%),238 (156.3%),"10,765","12,425 (86.6%)","12,425 (86.6%)"
宿泊,令和7年度,1年前,2025-08-13,水,421万円,417万円 (100.9%),417万円 (100.9%),354,326 (108.6%),326 (108.6%),"11,892","12,803 (92.9%)","12,803 (92.9%)"
宿泊,令和7年度,1年前,2025-08-14,木,419万円,331万円 (126.4%),331万円 (126.4%),355,287 (123.7%),287 (123.7%),"11,800","11,550 (102.2%)","11,550 (102.2%)"
宿泊,令和7年度,1年前,2025-08-15,金,389万円,313万円 (124.4%),313万円 (124.4%),342,258 (132.6%),258 (132.6%),"11,376","12,121 (93.9%)","12,121 (93.9%)"
宿泊,令和7年度,1年前,2025-08-16,土,441万円,315万円 (139.8%),315万円 (139.8%),355,241 (147.3%),241 (147.3%),"12,410","13,076 (94.9%)","13,076 (94.9%)"
宿泊,令和7年度,1年前,2025-08-17,日,396万円,245万円 (161.9%),245万円 (161.9%),315,229 (137.6%),229 (137.6%),"12,564","10,677 (117.7%)","10,677 (117.7%)"
宿泊,令和7年度,1年前,2025-08-18,月,217万円,135万円 (160.8%),135万円 (160.8%),162,104 (155.8%),104 (155.8%),"13,383","12,965 (103.2%)","12,965 (103.2%)"
宿泊,令和7年度,1年前,2025-08-19,火,133万円,85万円 (157.0%),85万円 (157.0%),120,101 (118.8%),101 (118.8%),"11,119","8,412 (132.2%)","8,412 (132.2%)"
宿泊,令和7年度,1年前,2025-08-20,水,143万円,163万円 (88.0%),163万円 (88.0%),141,161 (87.6%),161 (87.6%),"10,161","10,114 (100.5%)","10,114 (100.5%)"
宿泊,令和7年度,1年前,2025-08-21,木,171万円,150万円 (114.3%),150万円 (114.3%),163,170 (95.9%),170 (95.9%),"10,509","8,818 (119.2%)","8,818 (119.2%)"
宿泊,令和7年度,1年前,2025-08-22,金,206万円,221万円 (93.4%),221万円 (93.4%),207,222 (93.2%),222 (93.2%),"9,972","9,953 (100.2%)","9,953 (100.2%)"
宿泊,令和7年度,1年前,2025-08-23,土,214万円,126万円 (169.2%),126万円 (169.2%),181,124 (146.0%),124 (146.0%),"11,811","10,190 (115.9%)","10,190 (115.9%)"
宿泊,令和7年度,1年前,2025-08-24,日,331万円,267万円 (124.3%),267万円 (124.3%),284,250 (113.6%),250 (113.6%),"11,662","10,662 (109.4%)","10,662 (109.4%)"
宿泊,令和7年度,1年前,2025-08-25,月,164万円,110万円 (148.2%),110万円 (148.2%),138,97 (142.3%),97 (142.3%),"11,861","11,390 (104.1%)","11,390 (104.1%)"
宿泊,令和7年度,1年前,2025-08-26,火,134万円,134万円 (100.0%),134万円 (100.0%),143,141 (101.4%),141 (101.4%),"9,360","9,491 (98.6%)","9,491 (98.6%)"
宿泊,令和7年度,1年前,2025-08-27,水,141万円,119万円 (119.2%),119万円 (119.2%),147,119 (123.5%),119 (123.5%),"9,611","9,958 (96.5%)","9,958 (96.5%)"
宿泊,令和7年度,1年前,2025-08-28,木,137万円,110万円 (124.3%),110万円 (124.3%),124,133 (93.2%),133 (93.2%),"11,063","8,297 (133.3%)","8,297 (133.3%)"
宿泊,令和7年度,1年前,2025-08-29,金,211万円,162万円 (130.7%),162万円 (130.7%),220,206 (106.8%),206 (106.8%),"9,603","7,846 (122.4%)","7,846 (122.4%)"
宿泊,令和7年度,1年前,2025-08-30,土,143万円,116万円 (123.6%),116万円 (123.6%),117,123 (95.1%),123 (95.1%),"12,225","9,409 (129.9%)","9,409 (129.9%)"
宿泊,令和7年度,1年前,2025-08-31,日,233万円,172万円 (136.0%),172万円 (136.0%),187,188 (99.5%),188 (99.5%),"12,472","9,125 (136.7%)","9,125 (136.7%)"
宿泊,令和7年度,1年前,2025-09-01,月,146万円,97万円 (150.7%),97万円 (150.7%),120,87 (137.9%),87 (137.9%),"12,192","11,160 (109.2%)","11,160 (109.2%)"
宿泊,令和7年度,1年前,2025-09-02,火,95万円,85万円 (111.6%),85万円 (111.6%),92,83 (110.8%),83 (110.8%),"10,334","10,261 (100.7%)","10,261 (100.7%)"
宿泊,令和7年度,1年前,2025-09-03,水,134万円,75万円 (180.2%),75万円 (180.2%),116,83 (139.8%),83 (139.8%),"11,593","8,991 (128.9%)","8,991 (128.9%)"
宿泊,令和7年度,1年前,2025-09-04,木,172万円,201万円 (85.4%),201万円 (85.4%),158,233 (67.8%),233 (67.8%),"10,857","8,623 (125.9%)","8,623 (125.9%)"
宿泊,令和7年度,1年前,2025-09-05,金,182万円,156万円 (116.4%),156万円 (116.4%),185,150 (123.3%),150 (123.3%),"9,830","10,418 (94.4%)","10,418 (94.4%)"
宿泊,令和7年度,1年前,2025-09-06,土,128万円,118万円 (109.0%),118万円 (109.0%),108,107 (100.9%),107 (100.9%),"11,884","11,003 (108.0%)","11,003 (108.0%)"
宿泊,令和7年度,1年前,2025-09-07,日,264万円,182万円 (145.3%),182万円 (145.3%),217,169 (128.4%),169 (128.4%),"12,161","10,747 (113.2%)","10,747 (113.2%)"
宿泊,令和7年度,1年前,2025-09-08,月,116万円,158万円 (73.0%),158万円 (73.0%),87,134 (64.9%),134 (64.9%),"13,293","11,819 (112.5%)","11,819 (112.5%)"
宿泊,令和7年度,1年前,2025-09-09,火,132万円,188万円 (70.1%),188万円 (70.1%),116,190 (61.1%),190 (61.1%),"11,370","9,909 (114.7%)","9,909 (114.7%)"
宿泊,令和7年度,1年前,2025-09-10,水,150万円,122万円 (122.5%),122万円 (122.5%),140,137 (102.2%),137 (102.2%),"10,681","8,913 (119.8%)","8,913 (119.8%)"
宿泊,令和7年度,1年前,2025-09-11,木,123万円,140万円 (88.2%),140万円 (88.2%),127,151 (84.1%),151 (84.1%),"9,687","9,241 (104.8%)","9,241 (104.8%)"
宿泊,令和7年度,1年前,2025-09-12,金,161万円,161万円 (100.1%),161万円 (100.1%),169,183 (92.3%),183 (92.3%),"9,508","8,773 (108.4%)","8,773 (108.4%)"
宿泊,令和7年度,1年前,2025-09-13,土,148万円,183万円 (80.7%),183万円 (80.7%),131,178 (73.6%),178 (73.6%),"11,300","10,301 (109.7%)","10,301 (109.7%)"
宿泊,令和7年度,1年前,2025-09-14,日,425万円,383万円 (111.0%),383万円 (111.0%),323,302 (107.0%),302 (107.0%),"13,149","12,674 (103.7%)","12,674 (103.7%)"
宿泊,令和7年度,1年前,2025-09-15,月,359万円,328万円 (109.6%),328万円 (109.6%),297,289 (102.8%),289 (102.8%),"12,089","11,336 (106.6%)","11,336 (106.6%)"
宿泊,令和7年度,1年前,2025-09-16,火,136万円,112万円 (121.7%),112万円 (121.7%),118,88 (134.1%),88 (134.1%),"11,541","12,712 (90.8%)","12,712 (90.8%)"
宿泊,令和7年度,1年前,2025-09-17,水,133万円,104万円 (128.0%),104万円 (128.0%),143,95 (150.5%),95 (150.5%),"9,325","10,968 (85.0%)","10,968 (85.0%)"
宿泊,令和7年度,1年前,2025-09-18,木,148万円,134万円 (110.7%),134万円 (110.7%),132,123 (107.3%),123 (107.3%),"11,202","10,864 (103.1%)","10,864 (103.1%)"
宿泊,令和7年度,1年前,2025-09-19,金,242万円,182万円 (132.9%),182万円 (132.9%),257,214 (120.1%),214 (120.1%),"9,418","8,512 (110.6%)","8,512 (110.6%)"
宿泊,令和7年度,1年前,2025-09-20,土,170万円,122万円 (139.5%),122万円 (139.5%),162,126 (128.6%),126 (128.6%),"10,467","9,646 (108.5%)","9,646 (108.5%)"
宿泊,令和7年度,1年前,2025-09-21,日,297万円,303万円 (98.3%),303万円 (98.3%),253,294 (86.1%),294 (86.1%),"11,753","10,291 (114.2%)","10,291 (114.2%)"
宿泊,令和7年度,1年前,2025-09-22,月,271万円,331万円 (81.7%),331万円 (81.7%),219,280 (78.2%),280 (78.2%),"12,365","11,830 (104.5%)","11,830 (104.5%)"
宿泊,令和7年度,1年前,2025-09-23,火,175万円,98万円 (179.7%),98万円 (179.7%),155,77 (201.3%),77 (201.3%),"11,318","12,680 (89.3%)","12,680 (89.3%)"
宿泊,令和7年度,1年前,2025-09-24,水,148万円,89万円 (166.8%),89万円 (166.8%),115,95 (121.1%),95 (121.1%),"12,845","9,323 (137.8%)","9,323 (137.8%)"
宿泊,令和7年度,1年前,2025-09-25,木,99万円,162万円 (61.1%),162万円 (61.1%),117,157 (74.5%),157 (74.5%),"8,441","10,293 (82.0%)","10,293 (82.0%)"
宿泊,令和7年度,1年前,2025-09-26,金,202万円,213万円 (94.8%),213万円 (94.8%),201,231 (87.0%),231 (87.0%),"10,050","9,226 (108.9%)","9,226 (108.9%)"
宿泊,令和7年度,1年前,2025-09-27,土,224万円,133万円 (168.5%),133万円 (168.5%),176,130 (135.4%),130 (135.4%),"12,729","10,226 (124.5%)","10,226 (124.5%)"
宿泊,令和7年度,1年前,2025-09-28,日,315万円,275万円 (114.5%),275万円 (114.5%),242,243 (99.6%),243 (99.6%),"13,020","11,327 (114.9%)","11,327 (114.9%)"
宿泊,令和7年度,1年前,2025-09-29,月,156万円,126万円 (123.2%),126万円 (123.2%),112,120 (93.3%),120 (93.3%),"13,911","10,539 (132.0%)","10,539 (132.0%)"
宿泊,令和7年度,1年前,2025-09-30,火,130万円,85万円 (153.5%),85万円 (153.5%),137,80 (171.3%),80 (171.3%),"9,503","10,601 (89.6%)","10,601 (89.6%)"
宿泊,令和7年度,1年前,2025-10-01,水,133万円,74万円 (180.9%),74万円 (180.9%),126,85 (148.2%),85 (148.2%),"10,570","8,661 (122.0%)","8,661 (122.0%)"
宿泊,令和7年度,1年前,2025-10-02,木,102万円,136万円 (75.3%),136万円 (75.3%),109,147 (74.1%),147 (74.1%),"9,395","9,250 (101.6%)","9,250 (101.6%)"
宿泊,令和7年度,1年前,2025-10-03,金,198万円,126万円 (157.2%),126万円 (157.2%),212,133 (159.4%),133 (159.4%),"9,355","9,483 (98.7%)","9,483 (98.7%)"
宿泊,令和7年度,1年前,2025-10-04,土,156万円,195万円 (79.9%),195万円 (79.9%),138,194 (71.1%),194 (71.1%),"11,286","10,053 (112.3%)","10,053 (112.3%)"
宿泊,令和7年度,1年前,2025-10-05,日,340万円,228万円 (149.1%),228万円 (149.1%),307,228 (134.6%),228 (134.6%),"11,089","10,016 (110.7%)","10,016 (110.7%)"
宿泊,令和7年度,1年前,2025-10-06,月,162万円,102万円 (159.1%),102万円 (159.1%),129,91 (141.8%),91 (141.8%),"12,562","11,193 (112.2%)","11,193 (112.2%)"
宿泊,令和7年度,1年前,2025-10-07,火,95万円,78万円 (122.3%),78万円 (122.3%),87,90 (96.7%),90 (96.7%),"10,915","8,628 (126.5%)","8,628 (126.5%)"
宿泊,令和7年度,1年前,2025-10-08,水,146万円,132万円 (110.7%),132万円 (110.7%),139,131 (106.1%),131 (106.1%),"10,538","10,100 (104.3%)","10,100 (104.3%)"
宿泊,令和7年度,1年前,2025-10-09,木,197万円,138万円 (142.7%),138万円 (142.7%),169,129 (131.0%),129 (131.0%),"11,660","10,702 (109.0%)","10,702 (109.0%)"
宿泊,令和7年度,1年前,2025-10-10,金,275万円,188万円 (146.6%),188万円 (146.6%),312,193 (161.7%),193 (161.7%),"8,821","9,730 (90.7%)","9,730 (90.7%)"
宿泊,令和7年度,1年前,2025-10-11,土,201万円,196万円 (102.5%),196万円 (102.5%),186,206 (90.3%),206 (90.3%),"10,781","9,501 (113.5%)","9,501 (113.5%)"
宿泊,令和7年度,1年前,2025-10-12,日,463万円,389万円 (119.1%),389万円 (119.1%),344,319 (107.8%),319 (107.8%),"13,465","12,188 (110.5%)","12,188 (110.5%)"
宿泊,令和7年度,1年前,2025-10-13,月,489万円,373万円 (131.1%),373万円 (131.1%),382,317 (120.5%),317 (120.5%),"12,792","11,761 (108.8%)","11,761 (108.8%)"
宿泊,令和7年度,1年前,2025-10-14,火,156万円,181万円 (86.1%),181万円 (86.1%),112,146 (76.7%),146 (76.7%),"13,929","12,417 (112.2%)","12,417 (112.2%)"
宿泊,令和7年度,1年前,2025-10-15,水,121万円,96万円 (126.3%),96万円 (126.3%),113,96 (117.7%),96 (117.7%),"10,718","9,991 (107.3%)","9,991 (107.3%)"
宿泊,令和7年度,1年前,2025-10-16,木,146万円,107万円 (136.4%),107万円 (136.4%),135,104 (129.8%),104 (129.8%),"10,785","10,267 (105.0%)","10,267 (105.0%)"
宿泊,令和7年度,1年前,2025-10-17,金,183万円,222万円 (82.4%),222万円 (82.4%),214,196 (109.2%),196 (109.2%),"8,559","11,346 (75.4%)","11,346 (75.4%)"
宿泊,令和7年度,1年前,2025-10-18,土,205万円,229万円 (89.4%),229万円 (89.4%),171,200 (85.5%),200 (85.5%),"12,000","11,471 (104.6%)","11,471 (104.6%)"
宿泊,令和7年度,1年前,2025-10-19,日,317万円,266万円 (119.5%),266万円 (119.5%),252,245 (102.9%),245 (102.9%),"12,595","10,842 (116.2%)","10,842 (116.2%)"
宿泊,令和7年度,1年前,2025-10-20,月,201万円,120万円 (166.8%),120万円 (166.8%),143,98 (145.9%),98 (145.9%),"14,044","12,283 (114.3%)","12,283 (114.3%)"
宿泊,令和7年度,1年前,2025-10-21,火,155万円,90万円 (173.3%),90万円 (173.3%),153,104 (147.1%),104 (147.1%),"10,148","8,614 (117.8%)","8,614 (117.8%)"
宿泊,令和7年度,1年前,2025-10-22,水,227万円,108万円 (209.8%),108万円 (209.8%),199,105 (189.5%),105 (189.5%),"11,424","10,321 (110.7%)","10,321 (110.7%)"
宿泊,令和7年度,1年前,2025-10-23,木,232万円,137万円 (169.7%),137万円 (169.7%),223,129 (172.9%),129 (172.9%),"10,415","10,612 (98.1%)","10,612 (98.1%)"
宿泊,令和7年度,1年前,2025-10-24,金,306万円,248万円 (123.7%),248万円 (123.7%),262,227 (115.4%),227 (115.4%),"11,697","10,912 (107.2%)","10,912 (107.2%)"
宿泊,令和7年度,1年前,2025-10-25,土,310万円,205万円 (151.5%),205万円 (151.5%),240,180 (133.3%),180 (133.3%),"12,921","11,372 (113.6%)","11,372 (113.6%)"
宿泊,令和7年度,1年前,2025-10-26,日,445万円,375万円 (118.7%),375万円 (118.7%),352,313 (112.5%),313 (112.5%),"12,638","11,973 (105.5%)","11,973 (105.5%)"
宿泊,令和7年度,1年前,2025-10-27,月,233万円,183万円 (127.4%),183万円 (127.4%),164,146 (112.3%),146 (112.3%),"14,202","12,521 (113.4%)","12,521 (113.4%)"
宿泊,令和7年度,1年前,2025-10-28,火,126万円,123万円 (101.8%),123万円 (101.8%),111,129 (86.0%),129 (86.0%),"11,316","9,563 (118.3%)","9,563 (118.3%)"
宿泊,令和7年度,1年前,2025-10-29,水,186万円,146万円 (127.4%),146万円 (127.4%),140,125 (112.0%),125 (112.0%),"13,294","11,690 (113.7%)","11,690 (113.7%)"
宿泊,令和7年度,1年前,2025-10-30,木,147万円,152万円 (96.8%),152万円 (96.8%),153,160 (95.6%),160 (95.6%),"9,597","9,485 (101.2%)","9,485 (101.2%)"
宿泊,令和7年度,1年前,2025-10-31,金,295万円,145万円 (203.6%),145万円 (203.6%),290,146 (198.6%),146 (198.6%),"10,185","9,936 (102.5%)","9,936 (102.5%)"
宿泊,令和7年度,1年前,2025-11-01,土,198万円,203万円 (97.5%),203万円 (97.5%),149,178 (83.7%),178 (83.7%),"13,276","11,399 (116.5%)","11,399 (116.5%)"
宿泊,令和7年度,1年前,2025-11-02,日,430万円,376万円 (114.5%),376万円 (114.5%),315,296 (106.4%),296 (106.4%),"13,657","12,690 (107.6%)","12,690 (107.6%)"
宿泊,令和7年度,1年前,2025-11-03,月,516万円,361万円 (143.2%),361万円 (143.2%),345,324 (106.5%),324 (106.5%),"14,966","11,131 (134.5%)","11,131 (134.5%)"
宿泊,令和7年度,1年前,2025-11-04,火,144万円,184万円 (78.0%),184万円 (78.0%),105,157 (66.9%),157 (66.9%),"13,697","11,739 (116.7%)","11,739 (116.7%)"
宿泊,令和7年度,1年前,2025-11-05,水,81万円,111万円 (72.7%),111万円 (72.7%),92,113 (81.4%),113 (81.4%),"8,808","9,863 (89.3%)","9,863 (89.3%)"
宿泊,令和7年度,1年前,2025-11-06,木,138万円,105万円 (131.4%),105万円 (131.4%),145,116 (125.0%),116 (125.0%),"9,491","9,030 (105.1%)","9,030 (105.1%)"
宿泊,令和7年度,1年前,2025-11-07,金,200万円,184万円 (108.7%),184万円 (108.7%),194,209 (92.8%),209 (92.8%),"10,310","8,807 (117.1%)","8,807 (117.1%)"
宿泊,令和7年度,1年前,2025-11-08,土,218万円,153万円 (142.4%),153万円 (142.4%),205,136 (150.7%),136 (150.7%),"10,650","11,273 (94.5%)","11,273 (94.5%)"
宿泊,令和7年度,1年前,2025-11-09,日,311万円,290万円 (107.0%),290万円 (107.0%),242,233 (103.9%),233 (103.9%),"12,838","12,465 (103.0%)","12,465 (103.0%)"
宿泊,令和7年度,1年前,2025-11-10,月,172万円,147万円 (116.7%),147万円 (116.7%),137,122 (112.3%),122 (112.3%),"12,527","12,057 (103.9%)","12,057 (103.9%)"
宿泊,令和7年度,1年前,2025-11-11,火,117万円,138万円 (84.9%),138万円 (84.9%),133,138 (96.4%),138 (96.4%),"8,780","9,971 (88.0%)","9,971 (88.0%)"
宿泊,令和7年度,1年前,2025-11-12,水,181万円,170万円 (106.5%),170万円 (106.5%),175,161 (108.7%),161 (108.7%),"10,348","10,560 (98.0%)","10,560 (98.0%)"
宿泊,令和7年度,1年前,2025-11-13,木,179万円,157万円 (114.1%),157万円 (114.1%),175,178 (98.3%),178 (98.3%),"10,243","8,823 (116.1%)","8,823 (116.1%)"
宿泊,令和7年度,1年前,2025-11-14,金,251万円,169万円 (147.9%),169万円 (147.9%),224,198 (113.1%),198 (113.1%),"11,186","8,556 (130.7%)","8,556 (130.7%)"
宿泊,令和7年度,1年前,2025-11-15,土,197万円,222万円 (88.6%),222万円 (88.6%),178,217 (82.0%),217 (82.0%),"11,064","10,241 (108.0%)","10,241 (108.0%)"
宿泊,令和7年度,1年前,2025-11-16,日,297万円,374万円 (79.6%),374万円 (79.6%),251,301 (83.4%),301 (83.4%),"11,850","12,412 (95.5%)","12,412 (95.5%)"
宿泊,令和7年度,1年前,2025-11-17,月,149万円,110万円 (135.8%),110万円 (135.8%),113,74 (152.7%),74 (152.7%),"13,191","14,827 (89.0%)","14,827 (89.0%)"
宿泊,令和7年度,1年前,2025-11-18,火,77万円,88万円 (88.0%),88万円 (88.0%),71,101 (70.3%),101 (70.3%),"10,890","8,699 (125.2%)","8,699 (125.2%)"
宿泊,令和7年度,1年前,2025-11-19,水,129万円,120万円 (107.4%),120万円 (107.4%),133,124 (107.3%),124 (107.3%),"9,707","9,696 (100.1%)","9,696 (100.1%)"
宿泊,令和7年度,1年前,2025-11-20,木,172万円,147万円 (117.2%),147万円 (117.2%),178,144 (123.6%),144 (123.6%),"9,672","10,202 (94.8%)","10,202 (94.8%)"
宿泊,令和7年度,1年前,2025-11-21,金,214万円,200万円 (106.9%),200万円 (106.9%),215,234 (91.9%),234 (91.9%),"9,967","8,567 (116.3%)","8,567 (116.3%)"
宿泊,令和7年度,1年前,2025-11-22,土,167万円,166万円 (100.5%),166万円 (100.5%),133,147 (90.5%),147 (90.5%),"12,542","11,286 (111.1%)","11,286 (111.1%)"
宿泊,令和7年度,1年前,2025-11-23,日,405万円,307万円 (131.9%),307万円 (131.9%),325,231 (140.7%),231 (140.7%),"12,451","13,276 (93.8%)","13,276 (93.8%)"
宿泊,令和7年度,1年前,2025-11-24,月,358万円,138万円 (259.4%),138万円 (259.4%),271,110 (246.4%),110 (246.4%),"13,209","12,547 (105.3%)","12,547 (105.3%)"
宿泊,令和7年度,1年前,2025-11-25,火,128万円,93万円 (136.7%),93万円 (136.7%),86,100 (86.0%),100 (86.0%),"14,842","9,339 (158.9%)","9,339 (158.9%)"
宿泊,令和7年度,1年前,2025-11-26,水,97万円,122万円 (80.0%),122万円 (80.0%),111,116 (95.7%),116 (95.7%),"8,780","10,502 (83.6%)","10,502 (83.6%)"
宿泊,令和7年度,1年前,2025-11-27,木,148万円,184万円 (80.1%),184万円 (80.1%),152,189 (80.4%),189 (80.4%),"9,719","9,757 (99.6%)","9,757 (99.6%)"
宿泊,令和7年度,1年前,2025-11-28,金,144万円,218万円 (66.1%),218万円 (66.1%),147,246 (59.8%),246 (59.8%),"9,814","8,870 (110.6%)","8,870 (110.6%)"
宿泊,令和7年度,1年前,2025-11-29,土,149万円,139万円 (107.0%),139万円 (107.0%),116,154 (75.3%),154 (75.3%),"12,820","9,027 (142.0%)","9,027 (142.0%)"
宿泊,令和7年度,1年前,2025-11-30,日,317万円,289万円 (109.6%),289万円 (109.6%),273,215 (127.0%),215 (127.0%),"11,607","13,451 (86.3%)","13,451 (86.3%)"
宿泊,令和7年度,1年前,2025-12-01,月,124万円,66万円 (186.2%),66万円 (186.2%),105,48 (218.8%),48 (218.8%),"11,779","13,840 (85.1%)","13,840 (85.1%)"
宿泊,令和7年度,1年前,2025-12-02,火,114万円,37万円 (309.8%),37万円 (309.8%),114,39 (292.3%),39 (292.3%),"10,012","9,447 (106.0%)","9,447 (106.0%)"
宿泊,令和7年度,1年前,2025-12-03,水,92万円,94万円 (98.0%),94万円 (98.0%),106,109 (97.2%),109 (97.2%),"8,704","8,636 (100.8%)","8,636 (100.8%)"
宿泊,令和7年度,1年前,2025-12-04,木,127万円,107万円 (118.6%),107万円 (118.6%),122,131 (93.1%),131 (93.1%),"10,423","8,183 (127.4%)","8,183 (127.4%)"
宿泊,令和7年度,1年前,2025-12-05,金,178万円,138万円 (129.4%),138万円 (129.4%),183,157 (116.6%),157 (116.6%),"9,748","8,782 (111.0%)","8,782 (111.0%)"
宿泊,令和7年度,1年前,2025-12-06,土,147万円,120万円 (122.1%),120万円 (122.1%),118,106 (111.3%),106 (111.3%),"12,464","11,367 (109.6%)","11,367 (109.6%)"
宿泊,令和7年度,1年前,2025-12-07,日,243万円,255万円 (95.5%),255万円 (95.5%),183,190 (96.3%),190 (96.3%),"13,305","13,420 (99.1%)","13,420 (99.1%)"
宿泊,令和7年度,1年前,2025-12-08,月,97万円,66万円 (146.2%),66万円 (146.2%),88,54 (163.0%),54 (163.0%),"11,044","12,313 (89.7%)","12,313 (89.7%)"
宿泊,令和7年度,1年前,2025-12-09,火,105万円,82万円 (127.8%),82万円 (127.8%),103,92 (112.0%),92 (112.0%),"10,207","8,939 (114.2%)","8,939 (114.2%)"
宿泊,令和7年度,1年前,2025-12-10,水,114万円,112万円 (102.2%),112万円 (102.2%),106,108 (98.1%),108 (98.1%),"10,784","10,359 (104.1%)","10,359 (104.1%)"
宿泊,令和7年度,1年前,2025-12-11,木,93万円,89万円 (104.4%),89万円 (104.4%),109,107 (101.9%),107 (101.9%),"8,566","8,363 (102.4%)","8,363 (102.4%)"
宿泊,令和7年度,1年前,2025-12-12,金,136万円,141万円 (96.0%),141万円 (96.0%),146,168 (86.9%),168 (86.9%),"9,286","8,403 (110.5%)","8,403 (110.5%)"
宿泊,令和7年度,1年前,2025-12-13,土,168万円,151万円 (111.2%),151万円 (111.2%),134,158 (84.8%),158 (84.8%),"12,519","9,551 (131.1%)","9,551 (131.1%)"
宿泊,令和7年度,1年前,2025-12-14,日,279万円,196万円 (142.1%),196万円 (142.1%),227,166 (136.7%),166 (136.7%),"12,302","11,836 (103.9%)","11,836 (103.9%)"
宿泊,令和7年度,1年前,2025-12-15,月,110万円,89万円 (123.5%),89万円 (123.5%),73,79 (92.4%),79 (92.4%),"15,077","11,285 (133.6%)","11,285 (133.6%)"
宿泊,令和7年度,1年前,2025-12-16,火,83万円,83万円 (99.4%),83万円 (99.4%),83,100 (83.0%),100 (83.0%),"10,000","8,347 (119.8%)","8,347 (119.8%)"
宿泊,令和7年度,1年前,2025-12-17,水,107万円,87万円 (123.1%),87万円 (123.1%),118,95 (124.2%),95 (124.2%),"9,086","9,170 (99.1%)","9,170 (99.1%)"
宿泊,令和7年度,1年前,2025-12-18,木,114万円,105万円 (108.5%),105万円 (108.5%),127,128 (99.2%),128 (99.2%),"8,958","8,190 (109.4%)","8,190 (109.4%)"
宿泊,令和7年度,1年前,2025-12-19,金,172万円,155万円 (111.3%),155万円 (111.3%),185,202 (91.6%),202 (91.6%),"9,309","7,657 (121.6%)","7,657 (121.6%)"
宿泊,令和7年度,1年前,2025-12-20,土,133万円,113万円 (118.1%),113万円 (118.1%),124,132 (93.9%),132 (93.9%),"10,712","8,524 (125.7%)","8,524 (125.7%)"
宿泊,令和7年度,1年前,2025-12-21,日,263万円,233万円 (113.1%),233万円 (113.1%),213,179 (119.0%),179 (119.0%),"12,345","12,992 (95.0%)","12,992 (95.0%)"
宿泊,令和7年度,1年前,2025-12-22,月,73万円,83万円 (87.9%),83万円 (87.9%),65,69 (94.2%),69 (94.2%),"11,216","12,020 (93.3%)","12,020 (93.3%)"
宿泊,令和7年度,1年前,2025-12-23,火,115万円,69万円 (165.4%),69万円 (165.4%),110,78 (141.0%),78 (141.0%),"10,425","8,890 (117.3%)","8,890 (117.3%)"
宿泊,令和7年度,1年前,2025-12-24,水,62万円,69万円 (89.7%),69万円 (89.7%),69,82 (84.1%),82 (84.1%),"9,018","8,463 (106.6%)","8,463 (106.6%)"
宿泊,令和7年度,1年前,2025-12-25,木,64万円,90万円 (71.0%),90万円 (71.0%),84,88 (95.5%),88 (95.5%),"7,637","10,266 (74.4%)","10,266 (74.4%)"
宿泊,令和7年度,1年前,2025-12-26,金,143万円,112万円 (128.4%),112万円 (128.4%),126,129 (97.7%),129 (97.7%),"11,379","8,653 (131.5%)","8,653 (131.5%)"
宿泊,令和7年度,1年前,2025-12-27,土,119万円,76万円 (156.5%),76万円 (156.5%),91,77 (118.2%),77 (118.2%),"13,088","9,885 (132.4%)","9,885 (132.4%)"
宿泊,令和7年度,1年前,2025-12-28,日,234万円,252万円 (92.9%),252万円 (92.9%),178,188 (94.7%),188 (94.7%),"13,127","13,379 (98.1%)","13,379 (98.1%)"
宿泊,令和7年度,1年前,2025-12-29,月,278万円,320万円 (86.9%),320万円 (86.9%),182,240 (75.8%),240 (75.8%),"15,252","13,316 (114.5%)","13,316 (114.5%)"
宿泊,令和7年度,1年前,2025-12-30,火,348万円,320万円 (108.7%),320万円 (108.7%),260,220 (118.2%),220 (118.2%),"13,374","14,541 (92.0%)","14,541 (92.0%)"
宿泊,令和7年度,1年前,2025-12-31,水,237万円,322万円 (73.8%),322万円 (73.8%),163,188 (86.7%),188 (86.7%),"14,562","17,114 (85.1%)","17,114 (85.1%)"
宿泊,令和7年度,1年前,2026-01-01,木,331万円,275万円 (120.2%),275万円 (120.2%),222,172 (129.1%),172 (129.1%),"14,908","16,002 (93.2%)","16,002 (93.2%)"
宿泊,令和7年度,1年前,2026-01-02,金,271万円,238万円 (114.2%),238万円 (114.2%),154,179 (86.0%),179 (86.0%),"17,623","13,273 (132.8%)","13,273 (132.8%)"
宿泊,令和7年度,1年前,2026-01-03,土,269万円,254万円 (106.0%),254万円 (106.0%),179,194 (92.3%),194 (92.3%),"15,011","13,068 (114.9%)","13,068 (114.9%)"
宿泊,令和7年度,1年前,2026-01-04,日,220万円,173万円 (127.5%),173万円 (127.5%),161,120 (134.2%),120 (134.2%),"13,670","14,381 (95.1%)","14,381 (95.1%)"
宿泊,令和7年度,1年前,2026-01-05,月,89万円,28万円 (317.6%),28万円 (317.6%),65,35 (185.7%),35 (185.7%),"13,768","8,050 (171.0%)","8,050 (171.0%)"
宿泊,令和7年度,1年前,2026-01-06,火,78万円,39万円 (201.0%),39万円 (201.0%),69,44 (156.8%),44 (156.8%),"11,271","8,794 (128.2%)","8,794 (128.2%)"
宿泊,令和7年度,1年前,2026-01-07,水,28万円,44万円 (64.7%),44万円 (64.7%),34,45 (75.6%),45 (75.6%),"8,314","9,708 (85.6%)","9,708 (85.6%)"
宿泊,令和7年度,1年前,2026-01-08,木,50万円,46万円 (107.8%),46万円 (107.8%),57,60 (95.0%),60 (95.0%),"8,747","7,711 (113.4%)","7,711 (113.4%)"
宿泊,令和7年度,1年前,2026-01-09,金,98万円,83万円 (118.2%),83万円 (118.2%),98,89 (110.1%),89 (110.1%),"9,977","9,291 (107.4%)","9,291 (107.4%)"
宿泊,令和7年度,1年前,2026-01-10,土,118万円,76万円 (155.6%),76万円 (155.6%),95,93 (102.2%),93 (102.2%),"12,469","8,188 (152.3%)","8,188 (152.3%)"
宿泊,令和7年度,1年前,2026-01-11,日,207万円,213万円 (97.1%),213万円 (97.1%),140,167 (83.8%),167 (83.8%),"14,784","12,766 (115.8%)","12,766 (115.8%)"
宿泊,令和7年度,1年前,2026-01-12,月,196万円,202万円 (97.1%),202万円 (97.1%),157,185 (84.9%),185 (84.9%),"12,502","10,929 (114.4%)","10,929 (114.4%)"
宿泊,令和7年度,1年前,2026-01-13,火,66万円,49万円 (135.0%),49万円 (135.0%),64,47 (136.2%),47 (136.2%),"10,265","10,355 (99.1%)","10,355 (99.1%)"
宿泊,令和7年度,1年前,2026-01-14,水,45万円,61万円 (74.1%),61万円 (74.1%),55,72 (76.4%),72 (76.4%),"8,214","8,472 (97.0%)","8,472 (97.0%)"
宿泊,令和7年度,1年前,2026-01-15,木,59万円,80万円 (73.5%),80万円 (73.5%),72,91 (79.1%),91 (79.1%),"8,146","8,774 (92.8%)","8,774 (92.8%)"
宿泊,令和7年度,1年前,2026-01-16,金,126万円,93万円 (135.8%),93万円 (135.8%),144,116 (124.1%),116 (124.1%),"8,732","7,980 (109.4%)","7,980 (109.4%)"
宿泊,令和7年度,1年前,2026-01-17,土,115万円,133万円 (86.7%),133万円 (86.7%),101,126 (80.2%),126 (80.2%),"11,415","10,548 (108.2%)","10,548 (108.2%)"
宿泊,令和7年度,1年前,2026-01-18,日,144万円,130万円 (110.6%),130万円 (110.6%),125,102 (122.5%),102 (122.5%),"11,490","12,731 (90.2%)","12,731 (90.2%)"
宿泊,令和7年度,1年前,2026-01-19,月,111万円,66万円 (168.1%),66万円 (168.1%),111,53 (209.4%),53 (209.4%),"10,025","12,493 (80.2%)","12,493 (80.2%)"
宿泊,令和7年度,1年前,2026-01-20,火,94万円,66万円 (143.0%),66万円 (143.0%),87,83 (104.8%),83 (104.8%),"10,776","7,899 (136.4%)","7,899 (136.4%)"
宿泊,令和7年度,1年前,2026-01-21,水,115万円,73万円 (156.7%),73万円 (156.7%),115,77 (149.4%),77 (149.4%),"9,997","9,527 (104.9%)","9,527 (104.9%)"
宿泊,令和7年度,1年前,2026-01-22,木,117万円,94万円 (124.0%),94万円 (124.0%),100,114 (87.7%),114 (87.7%),"11,694","8,269 (141.4%)","8,269 (141.4%)"
宿泊,令和7年度,1年前,2026-01-23,金,153万円,193万円 (79.2%),193万円 (79.2%),162,214 (75.7%),214 (75.7%),"9,436","9,016 (104.7%)","9,016 (104.7%)"
宿泊,令和7年度,1年前,2026-01-24,土,126万円,86万円 (145.6%),86万円 (145.6%),111,95 (116.8%),95 (116.8%),"11,344","9,104 (124.6%)","9,104 (124.6%)"
宿泊,令和7年度,1年前,2026-01-25,日,288万円,171万円 (168.7%),171万円 (168.7%),181,150 (120.7%),150 (120.7%),"15,924","11,392 (139.8%)","11,392 (139.8%)"
宿泊,令和7年度,1年前,2026-01-26,月,101万円,86万円 (118.3%),86万円 (118.3%),65,73 (89.0%),73 (89.0%),"15,600","11,741 (132.9%)","11,741 (132.9%)"
宿泊,令和7年度,1年前,2026-01-27,火,95万円,67万円 (142.7%),67万円 (142.7%),83,72 (115.3%),72 (115.3%),"11,481","9,275 (123.8%)","9,275 (123.8%)"
宿泊,令和7年度,1年前,2026-01-28,水,107万円,58万円 (184.5%),58万円 (184.5%),111,76 (146.1%),76 (146.1%),"9,604","7,603 (126.3%)","7,603 (126.3%)"
宿泊,令和7年度,1年前,2026-01-29,木,108万円,74万円 (145.9%),74万円 (145.9%),105,93 (112.9%),93 (112.9%),"10,330","7,995 (129.2%)","7,995 (129.2%)"
宿泊,令和7年度,1年前,2026-01-30,金,133万円,86万円 (154.3%),86万円 (154.3%),132,103 (128.2%),103 (128.2%),"10,048","8,344 (120.4%)","8,344 (120.4%)"
宿泊,令和7年度,1年前,2026-01-31,土,132万円,104万円 (126.9%),104万円 (126.9%),132,98 (134.7%),98 (134.7%),"9,992","10,605 (94.2%)","10,605 (94.2%)"
宿泊,令和7年度,1年前,2026-02-01,日,186万円,136万円 (136.6%),136万円 (136.6%),148,131 (113.0%),131 (113.0%),"12,551","10,382 (120.9%)","10,382 (120.9%)"
宿泊,令和7年度,1年前,2026-02-02,月,64万円,68万円 (93.2%),68万円 (93.2%),62,61 (101.6%),61 (101.6%),"10,269","11,195 (91.7%)","11,195 (91.7%)"
宿泊,令和7年度,1年前,2026-02-03,火,70万円,61万円 (115.0%),61万円 (115.0%),71,67 (106.0%),67 (106.0%),"9,923","9,143 (108.5%)","9,143 (108.5%)"
宿泊,令和7年度,1年前,2026-02-04,水,84万円,61万円 (138.2%),61万円 (138.2%),90,73 (123.3%),73 (123.3%),"9,299","8,295 (112.1%)","8,295 (112.1%)"
宿泊,令和7年度,1年前,2026-02-05,木,93万円,60万円 (155.1%),60万円 (155.1%),105,82 (128.0%),82 (128.0%),"8,839","7,298 (121.1%)","7,298 (121.1%)"
宿泊,令和7年度,1年前,2026-02-06,金,147万円,139万円 (105.9%),139万円 (105.9%),183,142 (128.9%),142 (128.9%),"8,046","9,787 (82.2%)","9,787 (82.2%)"
宿泊,令和7年度,1年前,2026-02-07,土,115万円,146万円 (78.5%),146万円 (78.5%),129,146 (88.4%),146 (88.4%),"8,892","10,008 (88.8%)","10,008 (88.8%)"
宿泊,令和7年度,1年前,2026-02-08,日,239万円,246万円 (96.9%),246万円 (96.9%),174,235 (74.0%),235 (74.0%),"13,715","10,483 (130.8%)","10,483 (130.8%)"
宿泊,令和7年度,1年前,2026-02-09,月,157万円,230万円 (68.4%),230万円 (68.4%),108,176 (61.4%),176 (61.4%),"14,561","13,060 (111.5%)","13,060 (111.5%)"
宿泊,令和7年度,1年前,2026-02-10,火,82万円,99万円 (82.9%),99万円 (82.9%),79,91 (86.8%),91 (86.8%),"10,363","10,850 (95.5%)","10,850 (95.5%)"
宿泊,令和7年度,1年前,2026-02-11,水,85万円,66万円 (127.8%),66万円 (127.8%),95,52 (182.7%),52 (182.7%),"8,918","12,753 (69.9%)","12,753 (69.9%)"
宿泊,令和7年度,1年前,2026-02-12,木,97万円,62万円 (155.4%),62万円 (155.4%),91,77 (118.2%),77 (118.2%),"10,641","8,095 (131.5%)","8,095 (131.5%)"
宿泊,令和7年度,1年前,2026-02-13,金,129万円,137万円 (93.7%),137万円 (93.7%),141,154 (91.6%),154 (91.6%),"9,129","8,916 (102.4%)","8,916 (102.4%)"
宿泊,令和7年度,1年前,2026-02-14,土,115万円,80万円 (143.1%),80万円 (143.1%),105,75 (140.0%),75 (140.0%),"10,947","10,706 (102.2%)","10,706 (102.2%)"
宿泊,令和7年度,1年前,2026-02-15,日,367万円,225万円 (163.5%),225万円 (163.5%),319,160 (199.4%),160 (199.4%),"11,507","14,032 (82.0%)","14,032 (82.0%)"
宿泊,令和7年度,1年前,2026-02-16,月,210万円,95万円 (221.3%),95万円 (221.3%),173,86 (201.2%),86 (201.2%),"12,113","11,011 (110.0%)","11,011 (110.0%)"
宿泊,令和7年度,1年前,2026-02-17,火,88万円,111万円 (79.8%),111万円 (79.8%),88,99 (88.9%),99 (88.9%),"10,039","11,179 (89.8%)","11,179 (89.8%)"
宿泊,令和7年度,1年前,2026-02-18,水,118万円,110万円 (107.8%),110万円 (107.8%),120,135 (88.9%),135 (88.9%),"9,870","8,140 (121.3%)","8,140 (121.3%)"
宿泊,令和7年度,1年前,2026-02-19,木,129万円,114万円 (113.1%),114万円 (113.1%),139,132 (105.3%),132 (105.3%),"9,271","8,631 (107.4%)","8,631 (107.4%)"
宿泊,令和7年度,1年前,2026-02-20,金,146万円,140万円 (104.2%),140万円 (104.2%),164,173 (94.8%),173 (94.8%),"8,918","8,115 (109.9%)","8,115 (109.9%)"
宿泊,令和7年度,1年前,2026-02-21,土,97万円,129万円 (74.9%),129万円 (74.9%),108,115 (93.9%),115 (93.9%),"8,970","11,240 (79.8%)","11,240 (79.8%)"
宿泊,令和7年度,1年前,2026-02-22,日,430万円,338万円 (127.1%),338万円 (127.1%),349,265 (131.7%),265 (131.7%),"12,325","12,766 (96.5%)","12,766 (96.5%)"
宿泊,令和7年度,1年前,2026-02-23,月,446万円,310万円 (144.0%),310万円 (144.0%),376,272 (138.2%),272 (138.2%),"11,857","11,386 (104.1%)","11,386 (104.1%)"
宿泊,令和7年度,1年前,2026-02-24,火,122万円,188万円 (64.9%),188万円 (64.9%),88,155 (56.8%),155 (56.8%),"13,876","12,134 (114.4%)","12,134 (114.4%)"
宿泊,令和7年度,1年前,2026-02-25,水,206万円,81万円 (253.3%),81万円 (253.3%),169,90 (187.8%),90 (187.8%),"12,194","9,039 (134.9%)","9,039 (134.9%)"
宿泊,令和7年度,1年前,2026-02-26,木,138万円,79万円 (174.2%),79万円 (174.2%),137,90 (152.2%),90 (152.2%),"10,085","8,810 (114.5%)","8,810 (114.5%)"
宿泊,令和7年度,1年前,2026-02-27,金,87万円,100万円 (87.2%),100万円 (87.2%),98,110 (89.1%),110 (89.1%),"8,875","9,063 (97.9%)","9,063 (97.9%)"
宿泊,令和7年度,1年前,2026-02-28,土,94万円,70万円 (134.3%),70万円 (134.3%),83,72 (115.3%),72 (115.3%),"11,377","9,763 (116.5%)","9,763 (116.5%)"
宿泊,令和7年度,1年前,2026-03-01,日,189万円,208万円 (90.6%),208万円 (90.6%),141,146 (96.6%),146 (96.6%),"13,369","14,257 (93.8%)","14,257 (93.8%)"
宿泊,令和7年度,1年前,2026-03-02,月,64万円,83万円 (76.6%),83万円 (76.6%),53,60 (88.3%),60 (88.3%),"11,982","13,825 (86.7%)","13,825 (86.7%)"
宿泊,令和7年度,1年前,2026-03-03,火,75万円,65万円 (116.5%),65万円 (116.5%),77,65 (118.5%),65 (118.5%),"9,774","9,943 (98.3%)","9,943 (98.3%)"
宿泊,令和7年度,1年前,2026-03-04,水,106万円,99万円 (107.1%),99万円 (107.1%),102,114 (89.5%),114 (89.5%),"10,417","8,703 (119.7%)","8,703 (119.7%)"
宿泊,令和7年度,1年前,2026-03-05,木,135万円,97万円 (139.2%),97万円 (139.2%),141,93 (151.6%),93 (151.6%),"9,594","10,450 (91.8%)","10,450 (91.8%)"
宿泊,令和7年度,1年前,2026-03-06,金,141万円,135万円 (104.6%),135万円 (104.6%),152,147 (103.4%),147 (103.4%),"9,292","9,187 (101.1%)","9,187 (101.1%)"
宿泊,令和7年度,1年前,2026-03-07,土,95万円,111万円 (85.5%),111万円 (85.5%),109,99 (110.1%),99 (110.1%),"8,704","11,214 (77.6%)","11,214 (77.6%)"
宿泊,令和7年度,1年前,2026-03-08,日,222万円,258万円 (86.0%),258万円 (86.0%),209,229 (91.3%),229 (91.3%),"10,617","11,267 (94.2%)","11,267 (94.2%)"
宿泊,令和7年度,1年前,2026-03-09,月,110万円,88万円 (124.9%),88万円 (124.9%),90,68 (132.4%),68 (132.4%),"12,233","12,959 (94.4%)","12,959 (94.4%)"
宿泊,令和7年度,1年前,2026-03-10,火,99万円,73万円 (134.6%),73万円 (134.6%),88,79 (111.4%),79 (111.4%),"11,205","9,272 (120.9%)","9,272 (120.9%)"
宿泊,令和7年度,1年前,2026-03-11,水,126万円,119万円 (106.0%),119万円 (106.0%),127,126 (100.8%),126 (100.8%),"9,890","9,406 (105.1%)","9,406 (105.1%)"
宿泊,令和7年度,1年前,2026-03-12,木,118万円,76万円 (156.1%),76万円 (156.1%),127,95 (133.7%),95 (133.7%),"9,318","7,978 (116.8%)","7,978 (116.8%)"
宿泊,令和7年度,1年前,2026-03-13,金,126万円,153万円 (82.7%),153万円 (82.7%),141,177 (79.7%),177 (79.7%),"8,955","8,628 (103.8%)","8,628 (103.8%)"
宿泊,令和7年度,1年前,2026-03-14,土,182万円,120万円 (151.6%),120万円 (151.6%),171,125 (136.8%),125 (136.8%),"10,637","9,601 (110.8%)","9,601 (110.8%)"
宿泊,令和7年度,1年前,2026-03-15,日,275万円,221万円 (124.2%),221万円 (124.2%),222,166 (133.7%),166 (133.7%),"12,388","13,338 (92.9%)","13,338 (92.9%)"
宿泊,令和7年度,1年前,2026-03-16,月,147万円,166万円 (88.7%),166万円 (88.7%),158,140 (112.9%),140 (112.9%),"9,293","11,823 (78.6%)","11,823 (78.6%)"
宿泊,令和7年度,1年前,2026-03-17,火,126万円,59万円 (212.9%),59万円 (212.9%),133,72 (184.7%),72 (184.7%),"9,464","8,213 (115.2%)","8,213 (115.2%)"
宿泊,令和7年度,1年前,2026-03-18,水,131万円,113万円 (115.9%),113万円 (115.9%),130,121 (107.4%),121 (107.4%),"10,081","9,348 (107.8%)","9,348 (107.8%)"
宿泊,令和7年度,1年前,2026-03-19,木,152万円,123万円 (123.7%),123万円 (123.7%),167,128 (130.5%),128 (130.5%),"9,088","9,586 (94.8%)","9,586 (94.8%)"
宿泊,令和7年度,1年前,2026-03-20,金,143万円,150万円 (95.4%),150万円 (95.4%),152,145 (104.8%),145 (104.8%),"9,395","10,325 (91.0%)","10,325 (91.0%)"
宿泊,令和7年度,1年前,2026-03-21,土,343万円,188万円 (182.3%),188万円 (182.3%),272,184 (147.8%),184 (147.8%),"12,610","10,224 (123.3%)","10,224 (123.3%)"
宿泊,令和7年度,1年前,2026-03-22,日,358万円,277万円 (129.4%),277万円 (129.4%),311,238 (130.7%),238 (130.7%),"11,522","11,631 (99.1%)","11,631 (99.1%)"
宿泊,令和7年度,1年前,2026-03-23,月,89万円,98万円 (90.3%),98万円 (90.3%),88,90 (97.8%),90 (97.8%),"10,091","10,929 (92.3%)","10,929 (92.3%)"
宿泊,令和7年度,1年前,2026-03-24,火,132万円,112万円 (117.6%),112万円 (117.6%),135,117 (115.4%),117 (115.4%),"9,762","9,581 (101.9%)","9,581 (101.9%)"
宿泊,令和7年度,1年前,2026-03-25,水,77万円,95万円 (81.2%),95万円 (81.2%),90,100 (90.0%),100 (90.0%),"8,592","9,529 (90.2%)","9,529 (90.2%)"
宿泊,令和7年度,1年前,2026-03-26,木,124万円,98万円 (127.4%),98万円 (127.4%),127,113 (112.4%),113 (112.4%),"9,787","8,634 (113.4%)","8,634 (113.4%)"
宿泊,令和7年度,1年前,2026-03-27,金,136万円,179万円 (76.1%),179万円 (76.1%),150,192 (78.1%),192 (78.1%),"9,078","9,323 (97.4%)","9,323 (97.4%)"
宿泊,令和7年度,1年前,2026-03-28,土,150万円,138万円 (108.7%),138万円 (108.7%),147,125 (117.6%),125 (117.6%),"10,173","11,008 (92.4%)","11,008 (92.4%)"
宿泊,令和7年度,1年前,2026-03-29,日,265万円,278万円 (95.0%),278万円 (95.0%),192,210 (91.4%),210 (91.4%),"13,785","13,262 (103.9%)","13,262 (103.9%)"
宿泊,令和7年度,1年前,2026-03-30,月,114万円,145万円 (78.8%),145万円 (78.8%),124,133 (93.2%),133 (93.2%),"9,215","10,898 (84.6%)","10,898 (84.6%)"
宿泊,令和7年度,1年前,2026-03-31,火,168万円,51万円 (327.9%),51万円 (327.9%),168,74 (227.0%),74 (227.0%),"10,021","6,939 (144.4%)","6,939 (144.4%)"