start_date,end_date,dayflag,area_id,area_name,staytime_flg,population,rate
20250911,20250913,休日,03b9354d-5d12-4fd0-8eba-080313d62215,平山孫兵衛商店,[2].5min~10min,0,0.0
20250911,20250913,休日,03b9354d-5d12-4fd0-8eba-080313d62215,平山孫兵衛商店,[3].10min~15min,0,0.0
20250911,20250913,休日,03b9354d-5d12-4fd0-8eba-080313d62215,平山孫兵衛商店,[4].15min~30min,31,0.246
20250911,20250913,休日,03b9354d-5d12-4fd0-8eba-080313d62215,平山孫兵衛商店,[5].30min~1h,0,0.0
20250911,20250913,休日,03b9354d-5d12-4fd0-8eba-080313d62215,平山孫兵衛商店,[6].1h~2h,0,0.0
20250911,20250913,休日,03b9354d-5d12-4fd0-8eba-080313d62215,平山孫兵衛商店,[7].2h~5h,0,0.0
20250911,20250913,休日,03b9354d-5d12-4fd0-8eba-080313d62215,平山孫兵衛商店,[8].5h~12h,32,0.251
20250911,20250913,休日,03b9354d-5d12-4fd0-8eba-080313d62215,平山孫兵衛商店,[9].12h~24h,64,0.503
20250911,20250913,平日,03b9354d-5d12-4fd0-8eba-080313d62215,平山孫兵衛商店,[2].5min~10min,33,0.158
20250911,20250913,平日,03b9354d-5d12-4fd0-8eba-080313d62215,平山孫兵衛商店,[3].10min~15min,0,0.0
20250911,20250913,平日,03b9354d-5d12-4fd0-8eba-080313d62215,平山孫兵衛商店,[4].15min~30min,33,0.157
20250911,20250913,平日,03b9354d-5d12-4fd0-8eba-080313d62215,平山孫兵衛商店,[5].30min~1h,16,0.076
20250911,20250913,平日,03b9354d-5d12-4fd0-8eba-080313d62215,平山孫兵衛商店,[6].1h~2h,33,0.158
20250911,20250913,平日,03b9354d-5d12-4fd0-8eba-080313d62215,平山孫兵衛商店,[7].2h~5h,0,0.0
20250911,20250913,平日,03b9354d-5d12-4fd0-8eba-080313d62215,平山孫兵衛商店,[8].5h~12h,31,0.151
20250911,20250913,平日,03b9354d-5d12-4fd0-8eba-080313d62215,平山孫兵衛商店,[9].12h~24h,62,0.301
20250911,20250913,休日,1648f132-8957-4fcc-b56f-7fa74054ff8b,酒蔵資料館東光の酒蔵,[2].5min~10min,88,0.221
20250911,20250913,休日,1648f132-8957-4fcc-b56f-7fa74054ff8b,酒蔵資料館東光の酒蔵,[3].10min~15min,58,0.144
20250911,20250913,休日,1648f132-8957-4fcc-b56f-7fa74054ff8b,酒蔵資料館東光の酒蔵,[4].15min~30min,32,0.08
20250911,20250913,休日,1648f132-8957-4fcc-b56f-7fa74054ff8b,酒蔵資料館東光の酒蔵,[5].30min~1h,158,0.396
20250911,20250913,休日,1648f132-8957-4fcc-b56f-7fa74054ff8b,酒蔵資料館東光の酒蔵,[6].1h~2h,32,0.08
20250911,20250913,休日,1648f132-8957-4fcc-b56f-7fa74054ff8b,酒蔵資料館東光の酒蔵,[7].2h~5h,0,0.0
20250911,20250913,休日,1648f132-8957-4fcc-b56f-7fa74054ff8b,酒蔵資料館東光の酒蔵,[8].5h~12h,32,0.08
20250911,20250913,休日,1648f132-8957-4fcc-b56f-7fa74054ff8b,酒蔵資料館東光の酒蔵,[9].12h~24h,0,0.0
20250911,20250913,平日,1648f132-8957-4fcc-b56f-7fa74054ff8b,酒蔵資料館東光の酒蔵,[2].5min~10min,81,0.521
20250911,20250913,平日,1648f132-8957-4fcc-b56f-7fa74054ff8b,酒蔵資料館東光の酒蔵,[3].10min~15min,0,0.0
20250911,20250913,平日,1648f132-8957-4fcc-b56f-7fa74054ff8b,酒蔵資料館東光の酒蔵,[4].15min~30min,31,0.2
20250911,20250913,平日,1648f132-8957-4fcc-b56f-7fa74054ff8b,酒蔵資料館東光の酒蔵,[5].30min~1h,44,0.279
20250911,20250913,平日,1648f132-8957-4fcc-b56f-7fa74054ff8b,酒蔵資料館東光の酒蔵,[6].1h~2h,0,0.0
20250911,20250913,平日,1648f132-8957-4fcc-b56f-7fa74054ff8b,酒蔵資料館東光の酒蔵,[7].2h~5h,0,0.0
20250911,20250913,平日,1648f132-8957-4fcc-b56f-7fa74054ff8b,酒蔵資料館東光の酒蔵,[8].5h~12h,0,0.0
20250911,20250913,平日,1648f132-8957-4fcc-b56f-7fa74054ff8b,酒蔵資料館東光の酒蔵,[9].12h~24h,0,0.0
20250911,20250913,休日,1690fa74-b29e-4696-a623-81c5fc4bf363,Nitorito,[2].5min~10min,32,0.141
20250911,20250913,休日,1690fa74-b29e-4696-a623-81c5fc4bf363,Nitorito,[3].10min~15min,31,0.138
20250911,20250913,休日,1690fa74-b29e-4696-a623-81c5fc4bf363,Nitorito,[4].15min~30min,0,0.0
20250911,20250913,休日,1690fa74-b29e-4696-a623-81c5fc4bf363,Nitorito,[5].30min~1h,64,0.282
20250911,20250913,休日,1690fa74-b29e-4696-a623-81c5fc4bf363,Nitorito,[6].1h~2h,67,0.298
20250911,20250913,休日,1690fa74-b29e-4696-a623-81c5fc4bf363,Nitorito,[7].2h~5h,0,0.0
20250911,20250913,休日,1690fa74-b29e-4696-a623-81c5fc4bf363,Nitorito,[8].5h~12h,0,0.0
20250911,20250913,休日,1690fa74-b29e-4696-a623-81c5fc4bf363,Nitorito,[9].12h~24h,32,0.141
20250911,20250913,平日,1690fa74-b29e-4696-a623-81c5fc4bf363,Nitorito,[2].5min~10min,63,0.4
20250911,20250913,平日,1690fa74-b29e-4696-a623-81c5fc4bf363,Nitorito,[3].10min~15min,16,0.1
20250911,20250913,平日,1690fa74-b29e-4696-a623-81c5fc4bf363,Nitorito,[4].15min~30min,0,0.0
20250911,20250913,平日,1690fa74-b29e-4696-a623-81c5fc4bf363,Nitorito,[5].30min~1h,0,0.0
20250911,20250913,平日,1690fa74-b29e-4696-a623-81c5fc4bf363,Nitorito,[6].1h~2h,16,0.1
20250911,20250913,平日,1690fa74-b29e-4696-a623-81c5fc4bf363,Nitorito,[7].2h~5h,0,0.0
20250911,20250913,平日,1690fa74-b29e-4696-a623-81c5fc4bf363,Nitorito,[8].5h~12h,62,0.4
20250911,20250913,平日,1690fa74-b29e-4696-a623-81c5fc4bf363,Nitorito,[9].12h~24h,0,0.0
20250911,20250913,休日,20c39cf9-d958-40b6-bb7f-ab0c801cae60,米沢織物直売所おりじん,[2].5min~10min,64,0.182
20250911,20250913,休日,20c39cf9-d958-40b6-bb7f-ab0c801cae60,米沢織物直売所おりじん,[3].10min~15min,95,0.272
20250911,20250913,休日,20c39cf9-d958-40b6-bb7f-ab0c801cae60,米沢織物直売所おりじん,[4].15min~30min,64,0.182
20250911,20250913,休日,20c39cf9-d958-40b6-bb7f-ab0c801cae60,米沢織物直売所おりじん,[5].30min~1h,32,0.091
20250911,20250913,休日,20c39cf9-d958-40b6-bb7f-ab0c801cae60,米沢織物直売所おりじん,[6].1h~2h,32,0.09
20250911,20250913,休日,20c39cf9-d958-40b6-bb7f-ab0c801cae60,米沢織物直売所おりじん,[7].2h~5h,32,0.091
20250911,20250913,休日,20c39cf9-d958-40b6-bb7f-ab0c801cae60,米沢織物直売所おりじん,[8].5h~12h,32,0.091
20250911,20250913,休日,20c39cf9-d958-40b6-bb7f-ab0c801cae60,米沢織物直売所おりじん,[9].12h~24h,0,0.0
20250911,20250913,平日,20c39cf9-d958-40b6-bb7f-ab0c801cae60,米沢織物直売所おりじん,[2].5min~10min,31,0.499
20250911,20250913,平日,20c39cf9-d958-40b6-bb7f-ab0c801cae60,米沢織物直売所おりじん,[3].10min~15min,0,0.0
20250911,20250913,平日,20c39cf9-d958-40b6-bb7f-ab0c801cae60,米沢織物直売所おりじん,[4].15min~30min,0,0.0
20250911,20250913,平日,20c39cf9-d958-40b6-bb7f-ab0c801cae60,米沢織物直売所おりじん,[5].30min~1h,0,0.0
20250911,20250913,平日,20c39cf9-d958-40b6-bb7f-ab0c801cae60,米沢織物直売所おりじん,[6].1h~2h,0,0.0
20250911,20250913,平日,20c39cf9-d958-40b6-bb7f-ab0c801cae60,米沢織物直売所おりじん,[7].2h~5h,0,0.0
20250911,20250913,平日,20c39cf9-d958-40b6-bb7f-ab0c801cae60,米沢織物直売所おりじん,[8].5h~12h,31,0.501
20250911,20250913,平日,20c39cf9-d958-40b6-bb7f-ab0c801cae60,米沢織物直売所おりじん,[9].12h~24h,0,0.0
20250911,20250913,休日,22ede8ba-43c3-4adb-89fe-374b2dd192dd,株式会社 川島印刷,[2].5min~10min,0,0.0
20250911,20250913,休日,22ede8ba-43c3-4adb-89fe-374b2dd192dd,株式会社 川島印刷,[3].10min~15min,0,0.0
20250911,20250913,休日,22ede8ba-43c3-4adb-89fe-374b2dd192dd,株式会社 川島印刷,[4].15min~30min,0,0.0
20250911,20250913,休日,22ede8ba-43c3-4adb-89fe-374b2dd192dd,株式会社 川島印刷,[5].30min~1h,32,0.53
20250911,20250913,休日,22ede8ba-43c3-4adb-89fe-374b2dd192dd,株式会社 川島印刷,[6].1h~2h,28,0.47
20250911,20250913,休日,22ede8ba-43c3-4adb-89fe-374b2dd192dd,株式会社 川島印刷,[7].2h~5h,0,0.0
20250911,20250913,休日,22ede8ba-43c3-4adb-89fe-374b2dd192dd,株式会社 川島印刷,[8].5h~12h,0,0.0
20250911,20250913,休日,22ede8ba-43c3-4adb-89fe-374b2dd192dd,株式会社 川島印刷,[9].12h~24h,0,0.0
20250911,20250913,平日,22ede8ba-43c3-4adb-89fe-374b2dd192dd,株式会社 川島印刷,[2].5min~10min,21,0.183
20250911,20250913,平日,22ede8ba-43c3-4adb-89fe-374b2dd192dd,株式会社 川島印刷,[3].10min~15min,0,0.0
20250911,20250913,平日,22ede8ba-43c3-4adb-89fe-374b2dd192dd,株式会社 川島印刷,[4].15min~30min,0,0.0
20250911,20250913,平日,22ede8ba-43c3-4adb-89fe-374b2dd192dd,株式会社 川島印刷,[5].30min~1h,16,0.137
20250911,20250913,平日,22ede8ba-43c3-4adb-89fe-374b2dd192dd,株式会社 川島印刷,[6].1h~2h,31,0.27
20250911,20250913,平日,22ede8ba-43c3-4adb-89fe-374b2dd192dd,株式会社 川島印刷,[7].2h~5h,0,0.0
20250911,20250913,平日,22ede8ba-43c3-4adb-89fe-374b2dd192dd,株式会社 川島印刷,[8].5h~12h,47,0.411
20250911,20250913,平日,22ede8ba-43c3-4adb-89fe-374b2dd192dd,株式会社 川島印刷,[9].12h~24h,0,0.0
20250911,20250913,休日,2c092d10-6bc6-475b-97b0-dcd8e410c819,株式会社 アイタ工業,[2].5min~10min,26,0.477
20250911,20250913,休日,2c092d10-6bc6-475b-97b0-dcd8e410c819,株式会社 アイタ工業,[3].10min~15min,0,0.0
20250911,20250913,休日,2c092d10-6bc6-475b-97b0-dcd8e410c819,株式会社 アイタ工業,[4].15min~30min,0,0.0
20250911,20250913,休日,2c092d10-6bc6-475b-97b0-dcd8e410c819,株式会社 アイタ工業,[5].30min~1h,29,0.523
20250911,20250913,休日,2c092d10-6bc6-475b-97b0-dcd8e410c819,株式会社 アイタ工業,[6].1h~2h,0,0.0
20250911,20250913,休日,2c092d10-6bc6-475b-97b0-dcd8e410c819,株式会社 アイタ工業,[7].2h~5h,0,0.0
20250911,20250913,休日,2c092d10-6bc6-475b-97b0-dcd8e410c819,株式会社 アイタ工業,[8].5h~12h,0,0.0
20250911,20250913,休日,2c092d10-6bc6-475b-97b0-dcd8e410c819,株式会社 アイタ工業,[9].12h~24h,0,0.0
20250911,20250913,平日,2c092d10-6bc6-475b-97b0-dcd8e410c819,株式会社 アイタ工業,[2].5min~10min,18,0.358
20250911,20250913,平日,2c092d10-6bc6-475b-97b0-dcd8e410c819,株式会社 アイタ工業,[3].10min~15min,16,0.322
20250911,20250913,平日,2c092d10-6bc6-475b-97b0-dcd8e410c819,株式会社 アイタ工業,[4].15min~30min,16,0.32
20250911,20250913,平日,2c092d10-6bc6-475b-97b0-dcd8e410c819,株式会社 アイタ工業,[5].30min~1h,0,0.0
20250911,20250913,平日,2c092d10-6bc6-475b-97b0-dcd8e410c819,株式会社 アイタ工業,[6].1h~2h,0,0.0
20250911,20250913,平日,2c092d10-6bc6-475b-97b0-dcd8e410c819,株式会社 アイタ工業,[7].2h~5h,0,0.0
20250911,20250913,平日,2c092d10-6bc6-475b-97b0-dcd8e410c819,株式会社 アイタ工業,[8].5h~12h,0,0.0
20250911,20250913,平日,2c092d10-6bc6-475b-97b0-dcd8e410c819,株式会社 アイタ工業,[9].12h~24h,0,0.0
20250911,20250913,休日,2fef90f8-7322-4901-8ea2-a82ba9fac4bf,行方織物有限会社,[2].5min~10min,0,0.0
20250911,20250913,休日,2fef90f8-7322-4901-8ea2-a82ba9fac4bf,行方織物有限会社,[3].10min~15min,0,0.0
20250911,20250913,休日,2fef90f8-7322-4901-8ea2-a82ba9fac4bf,行方織物有限会社,[4].15min~30min,32,0.25
20250911,20250913,休日,2fef90f8-7322-4901-8ea2-a82ba9fac4bf,行方織物有限会社,[5].30min~1h,0,0.0
20250911,20250913,休日,2fef90f8-7322-4901-8ea2-a82ba9fac4bf,行方織物有限会社,[6].1h~2h,0,0.0
20250911,20250913,休日,2fef90f8-7322-4901-8ea2-a82ba9fac4bf,行方織物有限会社,[7].2h~5h,0,0.0
20250911,20250913,休日,2fef90f8-7322-4901-8ea2-a82ba9fac4bf,行方織物有限会社,[8].5h~12h,32,0.25
20250911,20250913,休日,2fef90f8-7322-4901-8ea2-a82ba9fac4bf,行方織物有限会社,[9].12h~24h,64,0.5
20250911,20250913,平日,2fef90f8-7322-4901-8ea2-a82ba9fac4bf,行方織物有限会社,[2].5min~10min,16,0.167
20250911,20250913,平日,2fef90f8-7322-4901-8ea2-a82ba9fac4bf,行方織物有限会社,[3].10min~15min,0,0.0
20250911,20250913,平日,2fef90f8-7322-4901-8ea2-a82ba9fac4bf,行方織物有限会社,[4].15min~30min,0,0.0
20250911,20250913,平日,2fef90f8-7322-4901-8ea2-a82ba9fac4bf,行方織物有限会社,[5].30min~1h,16,0.166
20250911,20250913,平日,2fef90f8-7322-4901-8ea2-a82ba9fac4bf,行方織物有限会社,[6].1h~2h,0,0.0
20250911,20250913,平日,2fef90f8-7322-4901-8ea2-a82ba9fac4bf,行方織物有限会社,[7].2h~5h,31,0.333
20250911,20250913,平日,2fef90f8-7322-4901-8ea2-a82ba9fac4bf,行方織物有限会社,[8].5h~12h,16,0.166
20250911,20250913,平日,2fef90f8-7322-4901-8ea2-a82ba9fac4bf,行方織物有限会社,[9].12h~24h,16,0.167
20250911,20250913,休日,303f7e2b-f126-4a6e-834c-417a49036134,カワサキ印刷,[2].5min~10min,0,0.0
20250911,20250913,休日,303f7e2b-f126-4a6e-834c-417a49036134,カワサキ印刷,[3].10min~15min,0,0.0
20250911,20250913,休日,303f7e2b-f126-4a6e-834c-417a49036134,カワサキ印刷,[4].15min~30min,0,0.0
20250911,20250913,休日,303f7e2b-f126-4a6e-834c-417a49036134,カワサキ印刷,[5].30min~1h,0,0.0
20250911,20250913,休日,303f7e2b-f126-4a6e-834c-417a49036134,カワサキ印刷,[6].1h~2h,0,0.0
20250911,20250913,休日,303f7e2b-f126-4a6e-834c-417a49036134,カワサキ印刷,[7].2h~5h,0,0.0
20250911,20250913,休日,303f7e2b-f126-4a6e-834c-417a49036134,カワサキ印刷,[8].5h~12h,0,0.0
20250911,20250913,休日,303f7e2b-f126-4a6e-834c-417a49036134,カワサキ印刷,[9].12h~24h,0,0.0
20250911,20250913,平日,303f7e2b-f126-4a6e-834c-417a49036134,カワサキ印刷,[2].5min~10min,16,0.167
20250911,20250913,平日,303f7e2b-f126-4a6e-834c-417a49036134,カワサキ印刷,[3].10min~15min,0,0.0
20250911,20250913,平日,303f7e2b-f126-4a6e-834c-417a49036134,カワサキ印刷,[4].15min~30min,0,0.0
20250911,20250913,平日,303f7e2b-f126-4a6e-834c-417a49036134,カワサキ印刷,[5].30min~1h,16,0.167
20250911,20250913,平日,303f7e2b-f126-4a6e-834c-417a49036134,カワサキ印刷,[6].1h~2h,0,0.0
20250911,20250913,平日,303f7e2b-f126-4a6e-834c-417a49036134,カワサキ印刷,[7].2h~5h,16,0.166
20250911,20250913,平日,303f7e2b-f126-4a6e-834c-417a49036134,カワサキ印刷,[8].5h~12h,47,0.499
20250911,20250913,平日,303f7e2b-f126-4a6e-834c-417a49036134,カワサキ印刷,[9].12h~24h,0,0.0
20250911,20250913,休日,3c83f1cd-f8e0-4442-bd52-24e86de8ca2a,香坂酒造(株),[2].5min~10min,0,0.0
20250911,20250913,休日,3c83f1cd-f8e0-4442-bd52-24e86de8ca2a,香坂酒造(株),[3].10min~15min,25,0.282
20250911,20250913,休日,3c83f1cd-f8e0-4442-bd52-24e86de8ca2a,香坂酒造(株),[4].15min~30min,0,0.0
20250911,20250913,休日,3c83f1cd-f8e0-4442-bd52-24e86de8ca2a,香坂酒造(株),[5].30min~1h,32,0.36
20250911,20250913,休日,3c83f1cd-f8e0-4442-bd52-24e86de8ca2a,香坂酒造(株),[6].1h~2h,0,0.0
20250911,20250913,休日,3c83f1cd-f8e0-4442-bd52-24e86de8ca2a,香坂酒造(株),[7].2h~5h,0,0.0
20250911,20250913,休日,3c83f1cd-f8e0-4442-bd52-24e86de8ca2a,香坂酒造(株),[8].5h~12h,32,0.358
20250911,20250913,休日,3c83f1cd-f8e0-4442-bd52-24e86de8ca2a,香坂酒造(株),[9].12h~24h,0,0.0
20250911,20250913,平日,3c83f1cd-f8e0-4442-bd52-24e86de8ca2a,香坂酒造(株),[2].5min~10min,16,0.502
20250911,20250913,平日,3c83f1cd-f8e0-4442-bd52-24e86de8ca2a,香坂酒造(株),[3].10min~15min,0,0.0
20250911,20250913,平日,3c83f1cd-f8e0-4442-bd52-24e86de8ca2a,香坂酒造(株),[4].15min~30min,0,0.0
20250911,20250913,平日,3c83f1cd-f8e0-4442-bd52-24e86de8ca2a,香坂酒造(株),[5].30min~1h,0,0.0
20250911,20250913,平日,3c83f1cd-f8e0-4442-bd52-24e86de8ca2a,香坂酒造(株),[6].1h~2h,16,0.498
20250911,20250913,平日,3c83f1cd-f8e0-4442-bd52-24e86de8ca2a,香坂酒造(株),[7].2h~5h,0,0.0
20250911,20250913,平日,3c83f1cd-f8e0-4442-bd52-24e86de8ca2a,香坂酒造(株),[8].5h~12h,0,0.0
20250911,20250913,平日,3c83f1cd-f8e0-4442-bd52-24e86de8ca2a,香坂酒造(株),[9].12h~24h,0,0.0
20250911,20250913,休日,52b700b4-2cff-416e-8f67-35f70af46323,粟野商事JUYOKAN,[2].5min~10min,64,0.29
20250911,20250913,休日,52b700b4-2cff-416e-8f67-35f70af46323,粟野商事JUYOKAN,[3].10min~15min,35,0.16
20250911,20250913,休日,52b700b4-2cff-416e-8f67-35f70af46323,粟野商事JUYOKAN,[4].15min~30min,64,0.29
20250911,20250913,休日,52b700b4-2cff-416e-8f67-35f70af46323,粟野商事JUYOKAN,[5].30min~1h,25,0.115
20250911,20250913,休日,52b700b4-2cff-416e-8f67-35f70af46323,粟野商事JUYOKAN,[6].1h~2h,0,0.0
20250911,20250913,休日,52b700b4-2cff-416e-8f67-35f70af46323,粟野商事JUYOKAN,[7].2h~5h,32,0.145
20250911,20250913,休日,52b700b4-2cff-416e-8f67-35f70af46323,粟野商事JUYOKAN,[8].5h~12h,0,0.0
20250911,20250913,休日,52b700b4-2cff-416e-8f67-35f70af46323,粟野商事JUYOKAN,[9].12h~24h,0,0.0
20250911,20250913,平日,52b700b4-2cff-416e-8f67-35f70af46323,粟野商事JUYOKAN,[2].5min~10min,47,0.6
20250911,20250913,平日,52b700b4-2cff-416e-8f67-35f70af46323,粟野商事JUYOKAN,[3].10min~15min,0,0.0
20250911,20250913,平日,52b700b4-2cff-416e-8f67-35f70af46323,粟野商事JUYOKAN,[4].15min~30min,16,0.201
20250911,20250913,平日,52b700b4-2cff-416e-8f67-35f70af46323,粟野商事JUYOKAN,[5].30min~1h,0,0.0
20250911,20250913,平日,52b700b4-2cff-416e-8f67-35f70af46323,粟野商事JUYOKAN,[6].1h~2h,0,0.0
20250911,20250913,平日,52b700b4-2cff-416e-8f67-35f70af46323,粟野商事JUYOKAN,[7].2h~5h,16,0.199
20250911,20250913,平日,52b700b4-2cff-416e-8f67-35f70af46323,粟野商事JUYOKAN,[8].5h~12h,0,0.0
20250911,20250913,平日,52b700b4-2cff-416e-8f67-35f70af46323,粟野商事JUYOKAN,[9].12h~24h,0,0.0
20250911,20250913,休日,648588bf-1006-4aa6-aba9-e70aabb0d1a3,東北整練株式会社,[2].5min~10min,0,0.0
20250911,20250913,休日,648588bf-1006-4aa6-aba9-e70aabb0d1a3,東北整練株式会社,[3].10min~15min,0,0.0
20250911,20250913,休日,648588bf-1006-4aa6-aba9-e70aabb0d1a3,東北整練株式会社,[4].15min~30min,0,0.0
20250911,20250913,休日,648588bf-1006-4aa6-aba9-e70aabb0d1a3,東北整練株式会社,[5].30min~1h,0,0.0
20250911,20250913,休日,648588bf-1006-4aa6-aba9-e70aabb0d1a3,東北整練株式会社,[6].1h~2h,0,0.0
20250911,20250913,休日,648588bf-1006-4aa6-aba9-e70aabb0d1a3,東北整練株式会社,[7].2h~5h,0,0.0
20250911,20250913,休日,648588bf-1006-4aa6-aba9-e70aabb0d1a3,東北整練株式会社,[8].5h~12h,0,0.0
20250911,20250913,休日,648588bf-1006-4aa6-aba9-e70aabb0d1a3,東北整練株式会社,[9].12h~24h,0,0.0
20250911,20250913,平日,648588bf-1006-4aa6-aba9-e70aabb0d1a3,東北整練株式会社,[2].5min~10min,49,0.758
20250911,20250913,平日,648588bf-1006-4aa6-aba9-e70aabb0d1a3,東北整練株式会社,[3].10min~15min,0,0.0
20250911,20250913,平日,648588bf-1006-4aa6-aba9-e70aabb0d1a3,東北整練株式会社,[4].15min~30min,16,0.242
20250911,20250913,平日,648588bf-1006-4aa6-aba9-e70aabb0d1a3,東北整練株式会社,[5].30min~1h,0,0.0
20250911,20250913,平日,648588bf-1006-4aa6-aba9-e70aabb0d1a3,東北整練株式会社,[6].1h~2h,0,0.0
20250911,20250913,平日,648588bf-1006-4aa6-aba9-e70aabb0d1a3,東北整練株式会社,[7].2h~5h,0,0.0
20250911,20250913,平日,648588bf-1006-4aa6-aba9-e70aabb0d1a3,東北整練株式会社,[8].5h~12h,0,0.0
20250911,20250913,平日,648588bf-1006-4aa6-aba9-e70aabb0d1a3,東北整練株式会社,[9].12h~24h,0,0.0
20250911,20250913,休日,720ba512-24d3-4273-a176-173afacc6c96,紅花染新田,[2].5min~10min,0,0.0
20250911,20250913,休日,720ba512-24d3-4273-a176-173afacc6c96,紅花染新田,[3].10min~15min,32,0.099
20250911,20250913,休日,720ba512-24d3-4273-a176-173afacc6c96,紅花染新田,[4].15min~30min,32,0.099
20250911,20250913,休日,720ba512-24d3-4273-a176-173afacc6c96,紅花染新田,[5].30min~1h,64,0.197
20250911,20250913,休日,720ba512-24d3-4273-a176-173afacc6c96,紅花染新田,[6].1h~2h,95,0.294
20250911,20250913,休日,720ba512-24d3-4273-a176-173afacc6c96,紅花染新田,[7].2h~5h,69,0.213
20250911,20250913,休日,720ba512-24d3-4273-a176-173afacc6c96,紅花染新田,[8].5h~12h,32,0.099
20250911,20250913,休日,720ba512-24d3-4273-a176-173afacc6c96,紅花染新田,[9].12h~24h,0,0.0
20250911,20250913,平日,720ba512-24d3-4273-a176-173afacc6c96,紅花染新田,[2].5min~10min,16,0.166
20250911,20250913,平日,720ba512-24d3-4273-a176-173afacc6c96,紅花染新田,[3].10min~15min,0,0.0
20250911,20250913,平日,720ba512-24d3-4273-a176-173afacc6c96,紅花染新田,[4].15min~30min,0,0.0
20250911,20250913,平日,720ba512-24d3-4273-a176-173afacc6c96,紅花染新田,[5].30min~1h,0,0.0
20250911,20250913,平日,720ba512-24d3-4273-a176-173afacc6c96,紅花染新田,[6].1h~2h,0,0.0
20250911,20250913,平日,720ba512-24d3-4273-a176-173afacc6c96,紅花染新田,[7].2h~5h,32,0.335
20250911,20250913,平日,720ba512-24d3-4273-a176-173afacc6c96,紅花染新田,[8].5h~12h,47,0.499
20250911,20250913,平日,720ba512-24d3-4273-a176-173afacc6c96,紅花染新田,[9].12h~24h,0,0.0
20250911,20250913,休日,895e3ec4-d54c-4843-aab5-54abd1cc4741,株式会社パルコモード,[2].5min~10min,0,0.0
20250911,20250913,休日,895e3ec4-d54c-4843-aab5-54abd1cc4741,株式会社パルコモード,[3].10min~15min,0,0.0
20250911,20250913,休日,895e3ec4-d54c-4843-aab5-54abd1cc4741,株式会社パルコモード,[4].15min~30min,32,0.25
20250911,20250913,休日,895e3ec4-d54c-4843-aab5-54abd1cc4741,株式会社パルコモード,[5].30min~1h,0,0.0
20250911,20250913,休日,895e3ec4-d54c-4843-aab5-54abd1cc4741,株式会社パルコモード,[6].1h~2h,32,0.25
20250911,20250913,休日,895e3ec4-d54c-4843-aab5-54abd1cc4741,株式会社パルコモード,[7].2h~5h,32,0.25
20250911,20250913,休日,895e3ec4-d54c-4843-aab5-54abd1cc4741,株式会社パルコモード,[8].5h~12h,32,0.25
20250911,20250913,休日,895e3ec4-d54c-4843-aab5-54abd1cc4741,株式会社パルコモード,[9].12h~24h,0,0.0
20250911,20250913,平日,895e3ec4-d54c-4843-aab5-54abd1cc4741,株式会社パルコモード,[2].5min~10min,16,0.091
20250911,20250913,平日,895e3ec4-d54c-4843-aab5-54abd1cc4741,株式会社パルコモード,[3].10min~15min,16,0.091
20250911,20250913,平日,895e3ec4-d54c-4843-aab5-54abd1cc4741,株式会社パルコモード,[4].15min~30min,16,0.091
20250911,20250913,平日,895e3ec4-d54c-4843-aab5-54abd1cc4741,株式会社パルコモード,[5].30min~1h,0,0.0
20250911,20250913,平日,895e3ec4-d54c-4843-aab5-54abd1cc4741,株式会社パルコモード,[6].1h~2h,0,0.0
20250911,20250913,平日,895e3ec4-d54c-4843-aab5-54abd1cc4741,株式会社パルコモード,[7].2h~5h,31,0.182
20250911,20250913,平日,895e3ec4-d54c-4843-aab5-54abd1cc4741,株式会社パルコモード,[8].5h~12h,93,0.546
20250911,20250913,平日,895e3ec4-d54c-4843-aab5-54abd1cc4741,株式会社パルコモード,[9].12h~24h,0,0.0
20250911,20250913,休日,8ffa0f24-0c12-4e51-b663-14cf90925834,山口織物鷹山堂,[2].5min~10min,0,0.0
20250911,20250913,休日,8ffa0f24-0c12-4e51-b663-14cf90925834,山口織物鷹山堂,[3].10min~15min,32,1.0
20250911,20250913,休日,8ffa0f24-0c12-4e51-b663-14cf90925834,山口織物鷹山堂,[4].15min~30min,0,0.0
20250911,20250913,休日,8ffa0f24-0c12-4e51-b663-14cf90925834,山口織物鷹山堂,[5].30min~1h,0,0.0
20250911,20250913,休日,8ffa0f24-0c12-4e51-b663-14cf90925834,山口織物鷹山堂,[6].1h~2h,0,0.0
20250911,20250913,休日,8ffa0f24-0c12-4e51-b663-14cf90925834,山口織物鷹山堂,[7].2h~5h,0,0.0
20250911,20250913,休日,8ffa0f24-0c12-4e51-b663-14cf90925834,山口織物鷹山堂,[8].5h~12h,0,0.0
20250911,20250913,休日,8ffa0f24-0c12-4e51-b663-14cf90925834,山口織物鷹山堂,[9].12h~24h,0,0.0
20250911,20250913,平日,8ffa0f24-0c12-4e51-b663-14cf90925834,山口織物鷹山堂,[2].5min~10min,0,0.0
20250911,20250913,平日,8ffa0f24-0c12-4e51-b663-14cf90925834,山口織物鷹山堂,[3].10min~15min,0,0.0
20250911,20250913,平日,8ffa0f24-0c12-4e51-b663-14cf90925834,山口織物鷹山堂,[4].15min~30min,16,1.0
20250911,20250913,平日,8ffa0f24-0c12-4e51-b663-14cf90925834,山口織物鷹山堂,[5].30min~1h,0,0.0
20250911,20250913,平日,8ffa0f24-0c12-4e51-b663-14cf90925834,山口織物鷹山堂,[6].1h~2h,0,0.0
20250911,20250913,平日,8ffa0f24-0c12-4e51-b663-14cf90925834,山口織物鷹山堂,[7].2h~5h,0,0.0
20250911,20250913,平日,8ffa0f24-0c12-4e51-b663-14cf90925834,山口織物鷹山堂,[8].5h~12h,0,0.0
20250911,20250913,平日,8ffa0f24-0c12-4e51-b663-14cf90925834,山口織物鷹山堂,[9].12h~24h,0,0.0
20250911,20250913,休日,9145ad6a-0acc-49e5-a9d6-ebd89071cc48,東光小嶋総本店,[2].5min~10min,33,0.206
20250911,20250913,休日,9145ad6a-0acc-49e5-a9d6-ebd89071cc48,東光小嶋総本店,[3].10min~15min,0,0.0
20250911,20250913,休日,9145ad6a-0acc-49e5-a9d6-ebd89071cc48,東光小嶋総本店,[4].15min~30min,32,0.198
20250911,20250913,休日,9145ad6a-0acc-49e5-a9d6-ebd89071cc48,東光小嶋総本店,[5].30min~1h,0,0.0
20250911,20250913,休日,9145ad6a-0acc-49e5-a9d6-ebd89071cc48,東光小嶋総本店,[6].1h~2h,32,0.198
20250911,20250913,休日,9145ad6a-0acc-49e5-a9d6-ebd89071cc48,東光小嶋総本店,[7].2h~5h,32,0.198
20250911,20250913,休日,9145ad6a-0acc-49e5-a9d6-ebd89071cc48,東光小嶋総本店,[8].5h~12h,32,0.198
20250911,20250913,休日,9145ad6a-0acc-49e5-a9d6-ebd89071cc48,東光小嶋総本店,[9].12h~24h,0,0.0
20250911,20250913,平日,9145ad6a-0acc-49e5-a9d6-ebd89071cc48,東光小嶋総本店,[2].5min~10min,16,0.201
20250911,20250913,平日,9145ad6a-0acc-49e5-a9d6-ebd89071cc48,東光小嶋総本店,[3].10min~15min,16,0.199
20250911,20250913,平日,9145ad6a-0acc-49e5-a9d6-ebd89071cc48,東光小嶋総本店,[4].15min~30min,0,0.0
20250911,20250913,平日,9145ad6a-0acc-49e5-a9d6-ebd89071cc48,東光小嶋総本店,[5].30min~1h,0,0.0
20250911,20250913,平日,9145ad6a-0acc-49e5-a9d6-ebd89071cc48,東光小嶋総本店,[6].1h~2h,0,0.0
20250911,20250913,平日,9145ad6a-0acc-49e5-a9d6-ebd89071cc48,東光小嶋総本店,[7].2h~5h,16,0.201
20250911,20250913,平日,9145ad6a-0acc-49e5-a9d6-ebd89071cc48,東光小嶋総本店,[8].5h~12h,31,0.4
20250911,20250913,平日,9145ad6a-0acc-49e5-a9d6-ebd89071cc48,東光小嶋総本店,[9].12h~24h,0,0.0
20250911,20250913,休日,9d4dcc83-dfab-4bb7-a75d-f93f296a0910,染織工房わくわく館,[2].5min~10min,0,0.0
20250911,20250913,休日,9d4dcc83-dfab-4bb7-a75d-f93f296a0910,染織工房わくわく館,[3].10min~15min,0,0.0
20250911,20250913,休日,9d4dcc83-dfab-4bb7-a75d-f93f296a0910,染織工房わくわく館,[4].15min~30min,31,0.318
20250911,20250913,休日,9d4dcc83-dfab-4bb7-a75d-f93f296a0910,染織工房わくわく館,[5].30min~1h,0,0.0
20250911,20250913,休日,9d4dcc83-dfab-4bb7-a75d-f93f296a0910,染織工房わくわく館,[6].1h~2h,35,0.357
20250911,20250913,休日,9d4dcc83-dfab-4bb7-a75d-f93f296a0910,染織工房わくわく館,[7].2h~5h,32,0.325
20250911,20250913,休日,9d4dcc83-dfab-4bb7-a75d-f93f296a0910,染織工房わくわく館,[8].5h~12h,0,0.0
20250911,20250913,休日,9d4dcc83-dfab-4bb7-a75d-f93f296a0910,染織工房わくわく館,[9].12h~24h,0,0.0
20250911,20250913,平日,9d4dcc83-dfab-4bb7-a75d-f93f296a0910,染織工房わくわく館,[2].5min~10min,0,0.0
20250911,20250913,平日,9d4dcc83-dfab-4bb7-a75d-f93f296a0910,染織工房わくわく館,[3].10min~15min,0,0.0
20250911,20250913,平日,9d4dcc83-dfab-4bb7-a75d-f93f296a0910,染織工房わくわく館,[4].15min~30min,12,0.201
20250911,20250913,平日,9d4dcc83-dfab-4bb7-a75d-f93f296a0910,染織工房わくわく館,[5].30min~1h,0,0.0
20250911,20250913,平日,9d4dcc83-dfab-4bb7-a75d-f93f296a0910,染織工房わくわく館,[6].1h~2h,32,0.536
20250911,20250913,平日,9d4dcc83-dfab-4bb7-a75d-f93f296a0910,染織工房わくわく館,[7].2h~5h,16,0.263
20250911,20250913,平日,9d4dcc83-dfab-4bb7-a75d-f93f296a0910,染織工房わくわく館,[8].5h~12h,0,0.0
20250911,20250913,平日,9d4dcc83-dfab-4bb7-a75d-f93f296a0910,染織工房わくわく館,[9].12h~24h,0,0.0
20250911,20250913,休日,a19d7e33-2ffe-440f-a804-4b2e1f64ec8c,シルキーリビング,[2].5min~10min,0,0.0
20250911,20250913,休日,a19d7e33-2ffe-440f-a804-4b2e1f64ec8c,シルキーリビング,[3].10min~15min,0,0.0
20250911,20250913,休日,a19d7e33-2ffe-440f-a804-4b2e1f64ec8c,シルキーリビング,[4].15min~30min,0,0.0
20250911,20250913,休日,a19d7e33-2ffe-440f-a804-4b2e1f64ec8c,シルキーリビング,[5].30min~1h,0,0.0
20250911,20250913,休日,a19d7e33-2ffe-440f-a804-4b2e1f64ec8c,シルキーリビング,[6].1h~2h,0,0.0
20250911,20250913,休日,a19d7e33-2ffe-440f-a804-4b2e1f64ec8c,シルキーリビング,[7].2h~5h,0,0.0
20250911,20250913,休日,a19d7e33-2ffe-440f-a804-4b2e1f64ec8c,シルキーリビング,[8].5h~12h,0,0.0
20250911,20250913,休日,a19d7e33-2ffe-440f-a804-4b2e1f64ec8c,シルキーリビング,[9].12h~24h,0,0.0
20250911,20250913,平日,a19d7e33-2ffe-440f-a804-4b2e1f64ec8c,シルキーリビング,[2].5min~10min,16,0.187
20250911,20250913,平日,a19d7e33-2ffe-440f-a804-4b2e1f64ec8c,シルキーリビング,[3].10min~15min,0,0.0
20250911,20250913,平日,a19d7e33-2ffe-440f-a804-4b2e1f64ec8c,シルキーリビング,[4].15min~30min,23,0.276
20250911,20250913,平日,a19d7e33-2ffe-440f-a804-4b2e1f64ec8c,シルキーリビング,[5].30min~1h,0,0.0
20250911,20250913,平日,a19d7e33-2ffe-440f-a804-4b2e1f64ec8c,シルキーリビング,[6].1h~2h,14,0.169
20250911,20250913,平日,a19d7e33-2ffe-440f-a804-4b2e1f64ec8c,シルキーリビング,[7].2h~5h,16,0.184
20250911,20250913,平日,a19d7e33-2ffe-440f-a804-4b2e1f64ec8c,シルキーリビング,[8].5h~12h,16,0.184
20250911,20250913,平日,a19d7e33-2ffe-440f-a804-4b2e1f64ec8c,シルキーリビング,[9].12h~24h,0,0.0
20250911,20250913,休日,a3948ebd-868e-4967-a7cc-f98b17647d49,株式会社ニューテックシンセイ,[2].5min~10min,26,1.0
20250911,20250913,休日,a3948ebd-868e-4967-a7cc-f98b17647d49,株式会社ニューテックシンセイ,[3].10min~15min,0,0.0
20250911,20250913,休日,a3948ebd-868e-4967-a7cc-f98b17647d49,株式会社ニューテックシンセイ,[4].15min~30min,0,0.0
20250911,20250913,休日,a3948ebd-868e-4967-a7cc-f98b17647d49,株式会社ニューテックシンセイ,[5].30min~1h,0,0.0
20250911,20250913,休日,a3948ebd-868e-4967-a7cc-f98b17647d49,株式会社ニューテックシンセイ,[6].1h~2h,0,0.0
20250911,20250913,休日,a3948ebd-868e-4967-a7cc-f98b17647d49,株式会社ニューテックシンセイ,[7].2h~5h,0,0.0
20250911,20250913,休日,a3948ebd-868e-4967-a7cc-f98b17647d49,株式会社ニューテックシンセイ,[8].5h~12h,0,0.0
20250911,20250913,休日,a3948ebd-868e-4967-a7cc-f98b17647d49,株式会社ニューテックシンセイ,[9].12h~24h,0,0.0
20250911,20250913,平日,a3948ebd-868e-4967-a7cc-f98b17647d49,株式会社ニューテックシンセイ,[2].5min~10min,0,0.0
20250911,20250913,平日,a3948ebd-868e-4967-a7cc-f98b17647d49,株式会社ニューテックシンセイ,[3].10min~15min,0,0.0
20250911,20250913,平日,a3948ebd-868e-4967-a7cc-f98b17647d49,株式会社ニューテックシンセイ,[4].15min~30min,0,0.0
20250911,20250913,平日,a3948ebd-868e-4967-a7cc-f98b17647d49,株式会社ニューテックシンセイ,[5].30min~1h,37,0.315
20250911,20250913,平日,a3948ebd-868e-4967-a7cc-f98b17647d49,株式会社ニューテックシンセイ,[6].1h~2h,17,0.147
20250911,20250913,平日,a3948ebd-868e-4967-a7cc-f98b17647d49,株式会社ニューテックシンセイ,[7].2h~5h,31,0.27
20250911,20250913,平日,a3948ebd-868e-4967-a7cc-f98b17647d49,株式会社ニューテックシンセイ,[8].5h~12h,16,0.134
20250911,20250913,平日,a3948ebd-868e-4967-a7cc-f98b17647d49,株式会社ニューテックシンセイ,[9].12h~24h,16,0.134
20250911,20250913,休日,a52b699b-5974-409c-80c3-89602d727115,花角味噌醸造,[2].5min~10min,157,0.288
20250911,20250913,休日,a52b699b-5974-409c-80c3-89602d727115,花角味噌醸造,[3].10min~15min,224,0.412
20250911,20250913,休日,a52b699b-5974-409c-80c3-89602d727115,花角味噌醸造,[4].15min~30min,100,0.184
20250911,20250913,休日,a52b699b-5974-409c-80c3-89602d727115,花角味噌醸造,[5].30min~1h,32,0.058
20250911,20250913,休日,a52b699b-5974-409c-80c3-89602d727115,花角味噌醸造,[6].1h~2h,0,0.0
20250911,20250913,休日,a52b699b-5974-409c-80c3-89602d727115,花角味噌醸造,[7].2h~5h,0,0.0
20250911,20250913,休日,a52b699b-5974-409c-80c3-89602d727115,花角味噌醸造,[8].5h~12h,32,0.058
20250911,20250913,休日,a52b699b-5974-409c-80c3-89602d727115,花角味噌醸造,[9].12h~24h,0,0.0
20250911,20250913,平日,a52b699b-5974-409c-80c3-89602d727115,花角味噌醸造,[2].5min~10min,16,0.142
20250911,20250913,平日,a52b699b-5974-409c-80c3-89602d727115,花角味噌醸造,[3].10min~15min,47,0.429
20250911,20250913,平日,a52b699b-5974-409c-80c3-89602d727115,花角味噌醸造,[4].15min~30min,0,0.0
20250911,20250913,平日,a52b699b-5974-409c-80c3-89602d727115,花角味噌醸造,[5].30min~1h,0,0.0
20250911,20250913,平日,a52b699b-5974-409c-80c3-89602d727115,花角味噌醸造,[6].1h~2h,0,0.0
20250911,20250913,平日,a52b699b-5974-409c-80c3-89602d727115,花角味噌醸造,[7].2h~5h,16,0.142
20250911,20250913,平日,a52b699b-5974-409c-80c3-89602d727115,花角味噌醸造,[8].5h~12h,31,0.286
20250911,20250913,平日,a52b699b-5974-409c-80c3-89602d727115,花角味噌醸造,[9].12h~24h,0,0.0
20250911,20250913,休日,bb343774-fa46-4eeb-853c-0198a8857e40,近賢織物,[2].5min~10min,0,0.0
20250911,20250913,休日,bb343774-fa46-4eeb-853c-0198a8857e40,近賢織物,[3].10min~15min,0,0.0
20250911,20250913,休日,bb343774-fa46-4eeb-853c-0198a8857e40,近賢織物,[4].15min~30min,0,0.0
20250911,20250913,休日,bb343774-fa46-4eeb-853c-0198a8857e40,近賢織物,[5].30min~1h,0,0.0
20250911,20250913,休日,bb343774-fa46-4eeb-853c-0198a8857e40,近賢織物,[6].1h~2h,0,0.0
20250911,20250913,休日,bb343774-fa46-4eeb-853c-0198a8857e40,近賢織物,[7].2h~5h,32,1.0
20250911,20250913,休日,bb343774-fa46-4eeb-853c-0198a8857e40,近賢織物,[8].5h~12h,0,0.0
20250911,20250913,休日,bb343774-fa46-4eeb-853c-0198a8857e40,近賢織物,[9].12h~24h,0,0.0
20250911,20250913,平日,bb343774-fa46-4eeb-853c-0198a8857e40,近賢織物,[2].5min~10min,32,0.4
20250911,20250913,平日,bb343774-fa46-4eeb-853c-0198a8857e40,近賢織物,[3].10min~15min,0,0.0
20250911,20250913,平日,bb343774-fa46-4eeb-853c-0198a8857e40,近賢織物,[4].15min~30min,0,0.0
20250911,20250913,平日,bb343774-fa46-4eeb-853c-0198a8857e40,近賢織物,[5].30min~1h,0,0.0
20250911,20250913,平日,bb343774-fa46-4eeb-853c-0198a8857e40,近賢織物,[6].1h~2h,0,0.0
20250911,20250913,平日,bb343774-fa46-4eeb-853c-0198a8857e40,近賢織物,[7].2h~5h,32,0.4
20250911,20250913,平日,bb343774-fa46-4eeb-853c-0198a8857e40,近賢織物,[8].5h~12h,16,0.2
20250911,20250913,平日,bb343774-fa46-4eeb-853c-0198a8857e40,近賢織物,[9].12h~24h,0,0.0
20250911,20250913,休日,de71748b-4ba1-4902-abb6-1f59cc6ea4cf,アルス株式会社,[2].5min~10min,0,0.0
20250911,20250913,休日,de71748b-4ba1-4902-abb6-1f59cc6ea4cf,アルス株式会社,[3].10min~15min,0,0.0
20250911,20250913,休日,de71748b-4ba1-4902-abb6-1f59cc6ea4cf,アルス株式会社,[4].15min~30min,0,0.0
20250911,20250913,休日,de71748b-4ba1-4902-abb6-1f59cc6ea4cf,アルス株式会社,[5].30min~1h,0,0.0
20250911,20250913,休日,de71748b-4ba1-4902-abb6-1f59cc6ea4cf,アルス株式会社,[6].1h~2h,0,0.0
20250911,20250913,休日,de71748b-4ba1-4902-abb6-1f59cc6ea4cf,アルス株式会社,[7].2h~5h,0,0.0
20250911,20250913,休日,de71748b-4ba1-4902-abb6-1f59cc6ea4cf,アルス株式会社,[8].5h~12h,0,0.0
20250911,20250913,休日,de71748b-4ba1-4902-abb6-1f59cc6ea4cf,アルス株式会社,[9].12h~24h,0,0.0
20250911,20250913,平日,de71748b-4ba1-4902-abb6-1f59cc6ea4cf,アルス株式会社,[2].5min~10min,0,0.0
20250911,20250913,平日,de71748b-4ba1-4902-abb6-1f59cc6ea4cf,アルス株式会社,[3].10min~15min,0,0.0
20250911,20250913,平日,de71748b-4ba1-4902-abb6-1f59cc6ea4cf,アルス株式会社,[4].15min~30min,0,0.0
20250911,20250913,平日,de71748b-4ba1-4902-abb6-1f59cc6ea4cf,アルス株式会社,[5].30min~1h,16,0.301
20250911,20250913,平日,de71748b-4ba1-4902-abb6-1f59cc6ea4cf,アルス株式会社,[6].1h~2h,36,0.699
20250911,20250913,平日,de71748b-4ba1-4902-abb6-1f59cc6ea4cf,アルス株式会社,[7].2h~5h,0,0.0
20250911,20250913,平日,de71748b-4ba1-4902-abb6-1f59cc6ea4cf,アルス株式会社,[8].5h~12h,0,0.0
20250911,20250913,平日,de71748b-4ba1-4902-abb6-1f59cc6ea4cf,アルス株式会社,[9].12h~24h,0,0.0
20250911,20250913,休日,eff52640-5a73-4e0b-8e9c-5a46d5773b28,安部吉,[2].5min~10min,0,0.0
20250911,20250913,休日,eff52640-5a73-4e0b-8e9c-5a46d5773b28,安部吉,[3].10min~15min,0,0.0
20250911,20250913,休日,eff52640-5a73-4e0b-8e9c-5a46d5773b28,安部吉,[4].15min~30min,0,0.0
20250911,20250913,休日,eff52640-5a73-4e0b-8e9c-5a46d5773b28,安部吉,[5].30min~1h,0,0.0
20250911,20250913,休日,eff52640-5a73-4e0b-8e9c-5a46d5773b28,安部吉,[6].1h~2h,0,0.0
20250911,20250913,休日,eff52640-5a73-4e0b-8e9c-5a46d5773b28,安部吉,[7].2h~5h,0,0.0
20250911,20250913,休日,eff52640-5a73-4e0b-8e9c-5a46d5773b28,安部吉,[8].5h~12h,0,0.0
20250911,20250913,休日,eff52640-5a73-4e0b-8e9c-5a46d5773b28,安部吉,[9].12h~24h,0,0.0
20250911,20250913,平日,eff52640-5a73-4e0b-8e9c-5a46d5773b28,安部吉,[2].5min~10min,31,0.67
20250911,20250913,平日,eff52640-5a73-4e0b-8e9c-5a46d5773b28,安部吉,[3].10min~15min,16,0.33
20250911,20250913,平日,eff52640-5a73-4e0b-8e9c-5a46d5773b28,安部吉,[4].15min~30min,0,0.0
20250911,20250913,平日,eff52640-5a73-4e0b-8e9c-5a46d5773b28,安部吉,[5].30min~1h,0,0.0
20250911,20250913,平日,eff52640-5a73-4e0b-8e9c-5a46d5773b28,安部吉,[6].1h~2h,0,0.0
20250911,20250913,平日,eff52640-5a73-4e0b-8e9c-5a46d5773b28,安部吉,[7].2h~5h,0,0.0
20250911,20250913,平日,eff52640-5a73-4e0b-8e9c-5a46d5773b28,安部吉,[8].5h~12h,0,0.0
20250911,20250913,平日,eff52640-5a73-4e0b-8e9c-5a46d5773b28,安部吉,[9].12h~24h,0,0.0
