start_date,end_date,dayflag,area_id,area_name,area_lat,area_lon,ranking,fromaddress,distance,population
20251011,20251011,休日,ebfa5f94-7018-4e1e-a338-a82efec76d0b,花火大会(広域),37.926151219192086,140.10529861338912,1,山形県米沢市春日,0.736,1876
20251011,20251011,休日,ebfa5f94-7018-4e1e-a338-a82efec76d0b,花火大会(広域),37.926151219192086,140.10529861338912,2,山形県米沢市塩井町　塩野,0.99,1630
20251011,20251011,休日,ebfa5f94-7018-4e1e-a338-a82efec76d0b,花火大会(広域),37.926151219192086,140.10529861338912,3,山形県米沢市通町,4.317,1046
20251011,20251011,休日,ebfa5f94-7018-4e1e-a338-a82efec76d0b,花火大会(広域),37.926151219192086,140.10529861338912,4,山形県米沢市徳町,0.478,923
20251011,20251011,休日,ebfa5f94-7018-4e1e-a338-a82efec76d0b,花火大会(広域),37.926151219192086,140.10529861338912,4,山形県米沢市中央,0.976,923
20251011,20251011,休日,ebfa5f94-7018-4e1e-a338-a82efec76d0b,花火大会(広域),37.926151219192086,140.10529861338912,5,山形県米沢市御廟,2.137,892
20251011,20251011,休日,ebfa5f94-7018-4e1e-a338-a82efec76d0b,花火大会(広域),37.926151219192086,140.10529861338912,6,山形県米沢市窪田町　窪田,4.645,708
20251011,20251011,休日,ebfa5f94-7018-4e1e-a338-a82efec76d0b,花火大会(広域),37.926151219192086,140.10529861338912,6,山形県米沢市成島町,1.565,708
20251011,20251011,休日,ebfa5f94-7018-4e1e-a338-a82efec76d0b,花火大会(広域),37.926151219192086,140.10529861338912,7,山形県米沢市城西,1.669,646
20251011,20251011,休日,ebfa5f94-7018-4e1e-a338-a82efec76d0b,花火大会(広域),37.926151219192086,140.10529861338912,8,山形県米沢市林泉寺,2.886,616
20251011,20251011,休日,ebfa5f94-7018-4e1e-a338-a82efec76d0b,花火大会(広域),37.926151219192086,140.10529861338912,9,山形県東置賜郡川西町大字上小松,10.585,602
20251011,20251011,休日,ebfa5f94-7018-4e1e-a338-a82efec76d0b,花火大会(広域),37.926151219192086,140.10529861338912,10,山形県米沢市中田町,2.327,554
20251011,20251011,休日,ebfa5f94-7018-4e1e-a338-a82efec76d0b,花火大会(広域),37.926151219192086,140.10529861338912,11,山形県東置賜郡高畠町大字高畠,13.058,494
20251011,20251011,休日,ebfa5f94-7018-4e1e-a338-a82efec76d0b,花火大会(広域),37.926151219192086,140.10529861338912,12,山形県米沢市矢来,2.465,462
20251011,20251011,休日,ebfa5f94-7018-4e1e-a338-a82efec76d0b,花火大会(広域),37.926151219192086,140.10529861338912,13,山形県米沢市大町,2.099,431
20251011,20251011,休日,ebfa5f94-7018-4e1e-a338-a82efec76d0b,花火大会(広域),37.926151219192086,140.10529861338912,13,山形県米沢市太田町,3.571,431
20251011,20251011,休日,ebfa5f94-7018-4e1e-a338-a82efec76d0b,花火大会(広域),37.926151219192086,140.10529861338912,13,山形県米沢市花沢町,1.768,431
20251011,20251011,休日,ebfa5f94-7018-4e1e-a338-a82efec76d0b,花火大会(広域),37.926151219192086,140.10529861338912,14,山形県米沢市城南,2.715,400
20251011,20251011,休日,ebfa5f94-7018-4e1e-a338-a82efec76d0b,花火大会(広域),37.926151219192086,140.10529861338912,15,山形県米沢市本町,2.92,370
20251011,20251011,休日,ebfa5f94-7018-4e1e-a338-a82efec76d0b,花火大会(広域),37.926151219192086,140.10529861338912,15,山形県米沢市万世町　片子,5.85,370
20251011,20251011,休日,ebfa5f94-7018-4e1e-a338-a82efec76d0b,花火大会(広域),37.926151219192086,140.10529861338912,15,山形県米沢市松が岬,1.848,370
20251011,20251011,休日,ebfa5f94-7018-4e1e-a338-a82efec76d0b,花火大会(広域),37.926151219192086,140.10529861338912,16,山形県米沢市大字笹野,5.24,339
20251011,20251011,休日,ebfa5f94-7018-4e1e-a338-a82efec76d0b,花火大会(広域),37.926151219192086,140.10529861338912,17,山形県長井市九野本,19.671,333
20251011,20251011,休日,ebfa5f94-7018-4e1e-a338-a82efec76d0b,花火大会(広域),37.926151219192086,140.10529861338912,18,山形県南陽市椚塚,14.189,317
20251011,20251011,休日,ebfa5f94-7018-4e1e-a338-a82efec76d0b,花火大会(広域),37.926151219192086,140.10529861338912,19,山形県米沢市万世町　桑山,5.557,308
20251011,20251011,休日,ebfa5f94-7018-4e1e-a338-a82efec76d0b,花火大会(広域),37.926151219192086,140.10529861338912,19,山形県米沢市金池,1.052,308
20251011,20251011,休日,ebfa5f94-7018-4e1e-a338-a82efec76d0b,花火大会(広域),37.926151219192086,140.10529861338912,19,山形県米沢市万世町　牛森,5.361,308
20251011,20251011,休日,ebfa5f94-7018-4e1e-a338-a82efec76d0b,花火大会(広域),37.926151219192086,140.10529861338912,19,山形県米沢市舘山,3.277,308
20251011,20251011,休日,ebfa5f94-7018-4e1e-a338-a82efec76d0b,花火大会(広域),37.926151219192086,140.10529861338912,20,山形県南陽市三間通,15.011,286
20251011,20251011,休日,ebfa5f94-7018-4e1e-a338-a82efec76d0b,花火大会(広域),37.926151219192086,140.10529861338912,21,山形県東置賜郡高畠町大字福沢,8.96,283
20251011,20251011,休日,ebfa5f94-7018-4e1e-a338-a82efec76d0b,花火大会(広域),37.926151219192086,140.10529861338912,22,山形県米沢市門東町,2.057,277
20251011,20251011,休日,ebfa5f94-7018-4e1e-a338-a82efec76d0b,花火大会(広域),37.926151219192086,140.10529861338912,22,山形県米沢市東,2.923,277
20251011,20251011,休日,ebfa5f94-7018-4e1e-a338-a82efec76d0b,花火大会(広域),37.926151219192086,140.10529861338912,23,山形県南陽市宮内,17.15,254
20251011,20251011,休日,ebfa5f94-7018-4e1e-a338-a82efec76d0b,花火大会(広域),37.926151219192086,140.10529861338912,24,山形県米沢市下花沢,2.621,247
20251011,20251011,休日,ebfa5f94-7018-4e1e-a338-a82efec76d0b,花火大会(広域),37.926151219192086,140.10529861338912,24,山形県米沢市吹屋敷町,2.353,247
20251011,20251011,休日,ebfa5f94-7018-4e1e-a338-a82efec76d0b,花火大会(広域),37.926151219192086,140.10529861338912,24,山形県米沢市駅前,2.29,247
20251011,20251011,休日,ebfa5f94-7018-4e1e-a338-a82efec76d0b,花火大会(広域),37.926151219192086,140.10529861338912,25,山形県米沢市泉町,3.749,216
20251011,20251011,休日,ebfa5f94-7018-4e1e-a338-a82efec76d0b,花火大会(広域),37.926151219192086,140.10529861338912,25,山形県米沢市窪田町　藤泉,3.104,216
20251011,20251011,休日,ebfa5f94-7018-4e1e-a338-a82efec76d0b,花火大会(広域),37.926151219192086,140.10529861338912,26,山形県東置賜郡高畠町大字安久津,15.218,212
20251011,20251011,休日,ebfa5f94-7018-4e1e-a338-a82efec76d0b,花火大会(広域),37.926151219192086,140.10529861338912,26,山形県東置賜郡高畠町大字糠野目,6.698,212
20251011,20251011,休日,ebfa5f94-7018-4e1e-a338-a82efec76d0b,花火大会(広域),37.926151219192086,140.10529861338912,27,山形県南陽市島貫,13.435,191
20251011,20251011,休日,ebfa5f94-7018-4e1e-a338-a82efec76d0b,花火大会(広域),37.926151219192086,140.10529861338912,27,山形県南陽市若狭郷屋,14.431,191
20251011,20251011,休日,ebfa5f94-7018-4e1e-a338-a82efec76d0b,花火大会(広域),37.926151219192086,140.10529861338912,28,山形県米沢市大字川井,4.293,185
20251011,20251011,休日,ebfa5f94-7018-4e1e-a338-a82efec76d0b,花火大会(広域),37.926151219192086,140.10529861338912,28,山形県米沢市万世町　金谷,4.221,185
20251011,20251011,休日,ebfa5f94-7018-4e1e-a338-a82efec76d0b,花火大会(広域),37.926151219192086,140.10529861338912,28,山形県米沢市相生町,2.446,185
20251011,20251011,休日,ebfa5f94-7018-4e1e-a338-a82efec76d0b,花火大会(広域),37.926151219192086,140.10529861338912,28,山形県米沢市大字花沢,1.86,185
20251011,20251011,休日,ebfa5f94-7018-4e1e-a338-a82efec76d0b,花火大会(広域),37.926151219192086,140.10529861338912,29,山形県東置賜郡川西町大字大塚,12.786,177
20251011,20251011,休日,ebfa5f94-7018-4e1e-a338-a82efec76d0b,花火大会(広域),37.926151219192086,140.10529861338912,30,山形県西置賜郡飯豊町大字椿,16.827,164
20251011,20251011,休日,ebfa5f94-7018-4e1e-a338-a82efec76d0b,花火大会(広域),37.926151219192086,140.10529861338912,31,山形県南陽市高梨,12.511,159
20251011,20251011,休日,ebfa5f94-7018-4e1e-a338-a82efec76d0b,花火大会(広域),37.926151219192086,140.10529861338912,32,山形県米沢市西大通,1.072,154
20251011,20251011,休日,ebfa5f94-7018-4e1e-a338-a82efec76d0b,花火大会(広域),37.926151219192086,140.10529861338912,32,山形県米沢市丸の内,1.799,154
20251011,20251011,休日,ebfa5f94-7018-4e1e-a338-a82efec76d0b,花火大会(広域),37.926151219192086,140.10529861338912,32,山形県米沢市吾妻町,3.92,154
20251011,20251011,休日,ebfa5f94-7018-4e1e-a338-a82efec76d0b,花火大会(広域),37.926151219192086,140.10529861338912,32,山形県米沢市窪田町　小瀬,2.994,154
20251011,20251011,休日,ebfa5f94-7018-4e1e-a338-a82efec76d0b,花火大会(広域),37.926151219192086,140.10529861338912,32,山形県米沢市信夫町,0.913,154
20251011,20251011,休日,ebfa5f94-7018-4e1e-a338-a82efec76d0b,花火大会(広域),37.926151219192086,140.10529861338912,33,山形県長井市舟場,21.806,148
20251011,20251011,休日,ebfa5f94-7018-4e1e-a338-a82efec76d0b,花火大会(広域),37.926151219192086,140.10529861338912,34,山形県東置賜郡川西町大字下小松,12.593,142
20251011,20251011,休日,ebfa5f94-7018-4e1e-a338-a82efec76d0b,花火大会(広域),37.926151219192086,140.10529861338912,35,山形県東置賜郡高畠町大字深沼,12.579,142
20251011,20251011,休日,ebfa5f94-7018-4e1e-a338-a82efec76d0b,花火大会(広域),37.926151219192086,140.10529861338912,36,福島県福島市鎌田,37.227,125
20251011,20251011,休日,ebfa5f94-7018-4e1e-a338-a82efec76d0b,花火大会(広域),37.926151219192086,140.10529861338912,37,山形県米沢市東大通,4.338,124
20251011,20251011,休日,ebfa5f94-7018-4e1e-a338-a82efec76d0b,花火大会(広域),37.926151219192086,140.10529861338912,37,山形県米沢市大字三沢,7.966,124
20251011,20251011,休日,ebfa5f94-7018-4e1e-a338-a82efec76d0b,花火大会(広域),37.926151219192086,140.10529861338912,37,山形県米沢市大字南原猪苗代町,6.215,124
20251011,20251011,休日,ebfa5f94-7018-4e1e-a338-a82efec76d0b,花火大会(広域),37.926151219192086,140.10529861338912,37,山形県米沢市大字塩野,0.884,124
20251011,20251011,休日,ebfa5f94-7018-4e1e-a338-a82efec76d0b,花火大会(広域),37.926151219192086,140.10529861338912,37,山形県米沢市大字竹井,4.437,124
20251011,20251011,休日,ebfa5f94-7018-4e1e-a338-a82efec76d0b,花火大会(広域),37.926151219192086,140.10529861338912,37,山形県米沢市福田町,3.097,124
20251011,20251011,休日,ebfa5f94-7018-4e1e-a338-a82efec76d0b,花火大会(広域),37.926151219192086,140.10529861338912,37,山形県米沢市大字簗沢,11.625,124
20251011,20251011,休日,ebfa5f94-7018-4e1e-a338-a82efec76d0b,花火大会(広域),37.926151219192086,140.10529861338912,38,山形県山形市東原町,41.124,114
20251011,20251011,休日,ebfa5f94-7018-4e1e-a338-a82efec76d0b,花火大会(広域),37.926151219192086,140.10529861338912,39,山形県長井市平山,21.247,111
20251011,20251011,休日,ebfa5f94-7018-4e1e-a338-a82efec76d0b,花火大会(広域),37.926151219192086,140.10529861338912,39,山形県長井市館町南,19.505,111
20251011,20251011,休日,ebfa5f94-7018-4e1e-a338-a82efec76d0b,花火大会(広域),37.926151219192086,140.10529861338912,39,山形県長井市中道,21.038,111
20251011,20251011,休日,ebfa5f94-7018-4e1e-a338-a82efec76d0b,花火大会(広域),37.926151219192086,140.10529861338912,39,山形県長井市今泉,15.351,111
20251011,20251011,休日,ebfa5f94-7018-4e1e-a338-a82efec76d0b,花火大会(広域),37.926151219192086,140.10529861338912,39,山形県長井市五十川,23.951,111
20251011,20251011,休日,ebfa5f94-7018-4e1e-a338-a82efec76d0b,花火大会(広域),37.926151219192086,140.10529861338912,40,岩手県宮古市保久田,248.974,111
20251011,20251011,休日,ebfa5f94-7018-4e1e-a338-a82efec76d0b,花火大会(広域),37.926151219192086,140.10529861338912,41,福島県双葉郡富岡町大字本岡,100.815,109
20251011,20251011,休日,ebfa5f94-7018-4e1e-a338-a82efec76d0b,花火大会(広域),37.926151219192086,140.10529861338912,42,山形県東置賜郡川西町大字中小松,10.721,107
20251011,20251011,休日,ebfa5f94-7018-4e1e-a338-a82efec76d0b,花火大会(広域),37.926151219192086,140.10529861338912,42,山形県東置賜郡川西町大字西大塚,14.248,107
20251011,20251011,休日,ebfa5f94-7018-4e1e-a338-a82efec76d0b,花火大会(広域),37.926151219192086,140.10529861338912,42,山形県東置賜郡川西町大字吉田,8.586,107
20251011,20251011,休日,ebfa5f94-7018-4e1e-a338-a82efec76d0b,花火大会(広域),37.926151219192086,140.10529861338912,43,山形県東置賜郡高畠町大字一本柳,10.254,106
20251011,20251011,休日,ebfa5f94-7018-4e1e-a338-a82efec76d0b,花火大会(広域),37.926151219192086,140.10529861338912,43,山形県東置賜郡高畠町大字相森,10.606,106
20251011,20251011,休日,ebfa5f94-7018-4e1e-a338-a82efec76d0b,花火大会(広域),37.926151219192086,140.10529861338912,44,山形県西置賜郡白鷹町大字浅立,24.464,100
20251011,20251011,休日,ebfa5f94-7018-4e1e-a338-a82efec76d0b,花火大会(広域),37.926151219192086,140.10529861338912,44,山形県西置賜郡白鷹町大字鮎貝,30.481,100
20251011,20251011,休日,ebfa5f94-7018-4e1e-a338-a82efec76d0b,花火大会(広域),37.926151219192086,140.10529861338912,44,山形県西置賜郡白鷹町大字荒砥乙,27.303,100
20251011,20251011,休日,ebfa5f94-7018-4e1e-a338-a82efec76d0b,花火大会(広域),37.926151219192086,140.10529861338912,45,山形県南陽市二色根,14.946,96
20251011,20251011,休日,ebfa5f94-7018-4e1e-a338-a82efec76d0b,花火大会(広域),37.926151219192086,140.10529861338912,45,山形県南陽市赤湯,16.117,96
20251011,20251011,休日,ebfa5f94-7018-4e1e-a338-a82efec76d0b,花火大会(広域),37.926151219192086,140.10529861338912,45,山形県南陽市池黒,15.792,96
20251011,20251011,休日,ebfa5f94-7018-4e1e-a338-a82efec76d0b,花火大会(広域),37.926151219192086,140.10529861338912,45,山形県南陽市郡山,13.571,96
20251011,20251011,休日,ebfa5f94-7018-4e1e-a338-a82efec76d0b,花火大会(広域),37.926151219192086,140.10529861338912,45,山形県南陽市漆山,19.583,96
20251011,20251011,休日,ebfa5f94-7018-4e1e-a338-a82efec76d0b,花火大会(広域),37.926151219192086,140.10529861338912,46,福島県福島市泉,34.504,94
20251011,20251011,休日,ebfa5f94-7018-4e1e-a338-a82efec76d0b,花火大会(広域),37.926151219192086,140.10529861338912,46,福島県福島市大森,36.667,94
20251011,20251011,休日,ebfa5f94-7018-4e1e-a338-a82efec76d0b,花火大会(広域),37.926151219192086,140.10529861338912,46,福島県福島市飯坂町　平野,32.188,94
20251011,20251011,休日,ebfa5f94-7018-4e1e-a338-a82efec76d0b,花火大会(広域),37.926151219192086,140.10529861338912,47,福島県喜多方市岩月町　橿野,35.179,93
20251011,20251011,休日,ebfa5f94-7018-4e1e-a338-a82efec76d0b,花火大会(広域),37.926151219192086,140.10529861338912,47,福島県喜多方市塩川町,41.243,93
20251011,20251011,休日,ebfa5f94-7018-4e1e-a338-a82efec76d0b,花火大会(広域),37.926151219192086,140.10529861338912,47,福島県喜多方市字押切南二丁目,37.809,93
20251011,20251011,休日,ebfa5f94-7018-4e1e-a338-a82efec76d0b,花火大会(広域),37.926151219192086,140.10529861338912,48,山形県米沢市窪田町　矢野目,5.473,93
20251011,20251011,休日,ebfa5f94-7018-4e1e-a338-a82efec76d0b,花火大会(広域),37.926151219192086,140.10529861338912,48,山形県米沢市直江町,1.953,93
20251011,20251011,休日,ebfa5f94-7018-4e1e-a338-a82efec76d0b,花火大会(広域),37.926151219192086,140.10529861338912,48,山形県米沢市大字関根,9.728,93
20251011,20251011,休日,ebfa5f94-7018-4e1e-a338-a82efec76d0b,花火大会(広域),37.926151219192086,140.10529861338912,48,山形県米沢市広幡町　成島,2.992,93
20251011,20251011,休日,ebfa5f94-7018-4e1e-a338-a82efec76d0b,花火大会(広域),37.926151219192086,140.10529861338912,48,山形県米沢市塩井町　宮井,1.796,93
20251011,20251011,休日,ebfa5f94-7018-4e1e-a338-a82efec76d0b,花火大会(広域),37.926151219192086,140.10529861338912,48,山形県米沢市遠山町,3.31,93
20251011,20251011,休日,ebfa5f94-7018-4e1e-a338-a82efec76d0b,花火大会(広域),37.926151219192086,140.10529861338912,48,山形県米沢市城北,1.2,93
20251011,20251011,休日,ebfa5f94-7018-4e1e-a338-a82efec76d0b,花火大会(広域),37.926151219192086,140.10529861338912,49,山形県西村山郡大江町大字藤田,49.929,90
20251011,20251011,休日,ebfa5f94-7018-4e1e-a338-a82efec76d0b,花火大会(広域),37.926151219192086,140.10529861338912,50,秋田県横手市十文字町　上鍋倉,149.373,86
20251011,20251011,休日,ebfa5f94-7018-4e1e-a338-a82efec76d0b,花火大会(広域),37.926151219192086,140.10529861338912,51,福島県相馬市小野,69.675,86
20251011,20251011,休日,ebfa5f94-7018-4e1e-a338-a82efec76d0b,花火大会(広域),37.926151219192086,140.10529861338912,51,福島県相馬市北小泉,73.722,86
20251011,20251011,休日,ebfa5f94-7018-4e1e-a338-a82efec76d0b,花火大会(広域),37.926151219192086,140.10529861338912,52,山形県山形市桜田東,37.791,86
20251011,20251011,休日,ebfa5f94-7018-4e1e-a338-a82efec76d0b,花火大会(広域),37.926151219192086,140.10529861338912,52,山形県山形市小立,39.5,86
20251011,20251011,休日,ebfa5f94-7018-4e1e-a338-a82efec76d0b,花火大会(広域),37.926151219192086,140.10529861338912,53,宮城県刈田郡七ヶ宿町字湯原,21.39,85
20251011,20251011,休日,ebfa5f94-7018-4e1e-a338-a82efec76d0b,花火大会(広域),37.926151219192086,140.10529861338912,54,福島県郡山市富久山町　久保田,62.393,84
20251011,20251011,休日,ebfa5f94-7018-4e1e-a338-a82efec76d0b,花火大会(広域),37.926151219192086,140.10529861338912,55,新潟県村上市南町,64.22,84
20251011,20251011,休日,ebfa5f94-7018-4e1e-a338-a82efec76d0b,花火大会(広域),37.926151219192086,140.10529861338912,56,山形県西置賜郡飯豊町大字小白川,20.927,82
20251011,20251011,休日,ebfa5f94-7018-4e1e-a338-a82efec76d0b,花火大会(広域),37.926151219192086,140.10529861338912,57,福島県伊達市保原町,41.25,78
20251011,20251011,休日,ebfa5f94-7018-4e1e-a338-a82efec76d0b,花火大会(広域),37.926151219192086,140.10529861338912,58,埼玉県春日部市大枝,222.2,76
20251011,20251011,休日,ebfa5f94-7018-4e1e-a338-a82efec76d0b,花火大会(広域),37.926151219192086,140.10529861338912,59,福島県耶麻郡西会津町尾野本,52.937,75
20251011,20251011,休日,ebfa5f94-7018-4e1e-a338-a82efec76d0b,花火大会(広域),37.926151219192086,140.10529861338912,60,山形県長井市時庭,17.703,74
20251011,20251011,休日,ebfa5f94-7018-4e1e-a338-a82efec76d0b,花火大会(広域),37.926151219192086,140.10529861338912,61,福島県会津若松市白虎町,48.824,71
20251011,20251011,休日,ebfa5f94-7018-4e1e-a338-a82efec76d0b,花火大会(広域),37.926151219192086,140.10529861338912,61,福島県会津若松市南町,51.452,71
20251011,20251011,休日,ebfa5f94-7018-4e1e-a338-a82efec76d0b,花火大会(広域),37.926151219192086,140.10529861338912,62,山形県東置賜郡川西町大字黒川,10.5,71
20251011,20251011,休日,ebfa5f94-7018-4e1e-a338-a82efec76d0b,花火大会(広域),37.926151219192086,140.10529861338912,63,山形県東置賜郡高畠町大字元和田,10.023,71
20251011,20251011,休日,ebfa5f94-7018-4e1e-a338-a82efec76d0b,花火大会(広域),37.926151219192086,140.10529861338912,63,山形県東置賜郡高畠町大字上平柳,8.281,71
20251011,20251011,休日,ebfa5f94-7018-4e1e-a338-a82efec76d0b,花火大会(広域),37.926151219192086,140.10529861338912,63,山形県東置賜郡高畠町大字馬頭,7.054,71
20251011,20251011,休日,ebfa5f94-7018-4e1e-a338-a82efec76d0b,花火大会(広域),37.926151219192086,140.10529861338912,63,山形県東置賜郡高畠町大字船橋,8.873,71
20251011,20251011,休日,ebfa5f94-7018-4e1e-a338-a82efec76d0b,花火大会(広域),37.926151219192086,140.10529861338912,63,山形県東置賜郡高畠町大字亀岡,8.941,71
20251011,20251011,休日,ebfa5f94-7018-4e1e-a338-a82efec76d0b,花火大会(広域),37.926151219192086,140.10529861338912,63,山形県東置賜郡高畠町大字竹森,13.786,71
20251011,20251011,休日,ebfa5f94-7018-4e1e-a338-a82efec76d0b,花火大会(広域),37.926151219192086,140.10529861338912,64,山形県新庄市沼田町,95.224,69
20251011,20251011,休日,ebfa5f94-7018-4e1e-a338-a82efec76d0b,花火大会(広域),37.926151219192086,140.10529861338912,65,山形県西置賜郡小国町大字小国町,34.218,69
20251011,20251011,休日,ebfa5f94-7018-4e1e-a338-a82efec76d0b,花火大会(広域),37.926151219192086,140.10529861338912,65,山形県西置賜郡小国町大字北,34.93,69
20251011,20251011,休日,ebfa5f94-7018-4e1e-a338-a82efec76d0b,花火大会(広域),37.926151219192086,140.10529861338912,65,山形県西置賜郡小国町大字尻無沢,38.938,69
20251011,20251011,休日,ebfa5f94-7018-4e1e-a338-a82efec76d0b,花火大会(広域),37.926151219192086,140.10529861338912,66,山形県東村山郡山辺町大字山辺,43.996,67
20251011,20251011,休日,ebfa5f94-7018-4e1e-a338-a82efec76d0b,花火大会(広域),37.926151219192086,140.10529861338912,67,山形県西村山郡河北町谷地,58.795,66
20251011,20251011,休日,ebfa5f94-7018-4e1e-a338-a82efec76d0b,花火大会(広域),37.926151219192086,140.10529861338912,68,山形県南陽市爼柳,12.621,64
20251011,20251011,休日,ebfa5f94-7018-4e1e-a338-a82efec76d0b,花火大会(広域),37.926151219192086,140.10529861338912,69,福島県福島市二子塚,31.044,63
20251011,20251011,休日,ebfa5f94-7018-4e1e-a338-a82efec76d0b,花火大会(広域),37.926151219192086,140.10529861338912,69,福島県福島市太平寺,37.725,63
20251011,20251011,休日,ebfa5f94-7018-4e1e-a338-a82efec76d0b,花火大会(広域),37.926151219192086,140.10529861338912,69,福島県福島市南沢又,33.105,63
20251011,20251011,休日,ebfa5f94-7018-4e1e-a338-a82efec76d0b,花火大会(広域),37.926151219192086,140.10529861338912,69,福島県福島市荒井,33.797,63
20251011,20251011,休日,ebfa5f94-7018-4e1e-a338-a82efec76d0b,花火大会(広域),37.926151219192086,140.10529861338912,70,山形県米沢市杉の目町,4.217,62
20251011,20251011,休日,ebfa5f94-7018-4e1e-a338-a82efec76d0b,花火大会(広域),37.926151219192086,140.10529861338912,70,山形県米沢市万世町　堂森,4.548,62
20251011,20251011,休日,ebfa5f94-7018-4e1e-a338-a82efec76d0b,花火大会(広域),37.926151219192086,140.10529861338912,70,山形県米沢市大字南原笹野町,5.816,62
20251011,20251011,休日,ebfa5f94-7018-4e1e-a338-a82efec76d0b,花火大会(広域),37.926151219192086,140.10529861338912,70,山形県米沢市大字吹屋敷,2.138,62
20251011,20251011,休日,ebfa5f94-7018-4e1e-a338-a82efec76d0b,花火大会(広域),37.926151219192086,140.10529861338912,70,山形県米沢市堀川町,2.412,62
20251011,20251011,休日,ebfa5f94-7018-4e1e-a338-a82efec76d0b,花火大会(広域),37.926151219192086,140.10529861338912,70,山形県米沢市大字芳泉町,4.971,62
20251011,20251011,休日,ebfa5f94-7018-4e1e-a338-a82efec76d0b,花火大会(広域),37.926151219192086,140.10529861338912,71,福島県河沼郡湯川村大字浜崎,42.16,59
20251011,20251011,休日,ebfa5f94-7018-4e1e-a338-a82efec76d0b,花火大会(広域),37.926151219192086,140.10529861338912,72,山形県天童市長岡北,50.745,57
20251011,20251011,休日,ebfa5f94-7018-4e1e-a338-a82efec76d0b,花火大会(広域),37.926151219192086,140.10529861338912,73,山形県山形市やよい,40.676,57
20251011,20251011,休日,ebfa5f94-7018-4e1e-a338-a82efec76d0b,花火大会(広域),37.926151219192086,140.10529861338912,73,山形県山形市大野目,44.95,57
20251011,20251011,休日,ebfa5f94-7018-4e1e-a338-a82efec76d0b,花火大会(広域),37.926151219192086,140.10529861338912,73,山形県山形市上町,39.787,57
20251011,20251011,休日,ebfa5f94-7018-4e1e-a338-a82efec76d0b,花火大会(広域),37.926151219192086,140.10529861338912,73,山形県山形市大字松原,34.386,57
20251011,20251011,休日,ebfa5f94-7018-4e1e-a338-a82efec76d0b,花火大会(広域),37.926151219192086,140.10529861338912,73,山形県山形市若葉町,39.912,57
20251011,20251011,休日,ebfa5f94-7018-4e1e-a338-a82efec76d0b,花火大会(広域),37.926151219192086,140.10529861338912,73,山形県山形市中桜田,38.045,57
20251011,20251011,休日,ebfa5f94-7018-4e1e-a338-a82efec76d0b,花火大会(広域),37.926151219192086,140.10529861338912,73,山形県山形市東青田,38.767,57
20251011,20251011,休日,ebfa5f94-7018-4e1e-a338-a82efec76d0b,花火大会(広域),37.926151219192086,140.10529861338912,73,山形県山形市荒楯町,39.445,57
20251011,20251011,休日,ebfa5f94-7018-4e1e-a338-a82efec76d0b,花火大会(広域),37.926151219192086,140.10529861338912,73,山形県山形市七日町,41.733,57
20251011,20251011,休日,ebfa5f94-7018-4e1e-a338-a82efec76d0b,花火大会(広域),37.926151219192086,140.10529861338912,74,山形県最上郡金山町大字上台,104.69,56
20251011,20251011,休日,ebfa5f94-7018-4e1e-a338-a82efec76d0b,花火大会(広域),37.926151219192086,140.10529861338912,75,福島県郡山市大槻町,62.666,56
20251011,20251011,休日,ebfa5f94-7018-4e1e-a338-a82efec76d0b,花火大会(広域),37.926151219192086,140.10529861338912,76,山形県東根市小林,61.377,56
20251011,20251011,休日,ebfa5f94-7018-4e1e-a338-a82efec76d0b,花火大会(広域),37.926151219192086,140.10529861338912,77,宮城県柴田郡柴田町大字船岡,59.791,56
20251011,20251011,休日,ebfa5f94-7018-4e1e-a338-a82efec76d0b,花火大会(広域),37.926151219192086,140.10529861338912,77,宮城県柴田郡柴田町船岡　新栄,61.013,56
20251011,20251011,休日,ebfa5f94-7018-4e1e-a338-a82efec76d0b,花火大会(広域),37.926151219192086,140.10529861338912,78,東京都文京区本駒込,245.751,53
20251011,20251011,休日,ebfa5f94-7018-4e1e-a338-a82efec76d0b,花火大会(広域),37.926151219192086,140.10529861338912,79,秋田県南秋田郡八郎潟町字中嶋,224.189,52
20251011,20251011,休日,ebfa5f94-7018-4e1e-a338-a82efec76d0b,花火大会(広域),37.926151219192086,140.10529861338912,80,山形県西置賜郡白鷹町大字広野,26.026,50
20251011,20251011,休日,ebfa5f94-7018-4e1e-a338-a82efec76d0b,花火大会(広域),37.926151219192086,140.10529861338912,81,東京都練馬区大泉学園町,243.939,48
20251011,20251011,休日,ebfa5f94-7018-4e1e-a338-a82efec76d0b,花火大会(広域),37.926151219192086,140.10529861338912,82,福島県南相馬市原町区　上町,81.27,47
20251011,20251011,休日,ebfa5f94-7018-4e1e-a338-a82efec76d0b,花火大会(広域),37.926151219192086,140.10529861338912,82,福島県南相馬市原町区　錦町,82.519,47
20251011,20251011,休日,ebfa5f94-7018-4e1e-a338-a82efec76d0b,花火大会(広域),37.926151219192086,140.10529861338912,82,福島県南相馬市原町区　本陣前,81.911,47
20251011,20251011,休日,ebfa5f94-7018-4e1e-a338-a82efec76d0b,花火大会(広域),37.926151219192086,140.10529861338912,83,福島県大沼郡会津美里町字新布才地,56.646,47
20251011,20251011,休日,ebfa5f94-7018-4e1e-a338-a82efec76d0b,花火大会(広域),37.926151219192086,140.10529861338912,83,福島県大沼郡会津美里町鶴野辺,52.611,47
20251011,20251011,休日,ebfa5f94-7018-4e1e-a338-a82efec76d0b,花火大会(広域),37.926151219192086,140.10529861338912,84,宮城県柴田郡川崎町大字前川,47.666,47
20251011,20251011,休日,ebfa5f94-7018-4e1e-a338-a82efec76d0b,花火大会(広域),37.926151219192086,140.10529861338912,85,福島県喜多方市豊川町　米室,38.72,47
20251011,20251011,休日,ebfa5f94-7018-4e1e-a338-a82efec76d0b,花火大会(広域),37.926151219192086,140.10529861338912,85,福島県喜多方市塩川町　諏訪町三丁目,41.022,47
20251011,20251011,休日,ebfa5f94-7018-4e1e-a338-a82efec76d0b,花火大会(広域),37.926151219192086,140.10529861338912,85,福島県喜多方市松山町　村松,34.754,47
20251011,20251011,休日,ebfa5f94-7018-4e1e-a338-a82efec76d0b,花火大会(広域),37.926151219192086,140.10529861338912,85,福島県喜多方市字清水台二丁目,35.648,47
20251011,20251011,休日,ebfa5f94-7018-4e1e-a338-a82efec76d0b,花火大会(広域),37.926151219192086,140.10529861338912,85,福島県喜多方市慶徳町　松舞家,38.724,47
20251011,20251011,休日,ebfa5f94-7018-4e1e-a338-a82efec76d0b,花火大会(広域),37.926151219192086,140.10529861338912,85,福島県喜多方市字常盤台,35.278,47
20251011,20251011,休日,ebfa5f94-7018-4e1e-a338-a82efec76d0b,花火大会(広域),37.926151219192086,140.10529861338912,85,福島県喜多方市字花園,36.424,47
20251011,20251011,休日,ebfa5f94-7018-4e1e-a338-a82efec76d0b,花火大会(広域),37.926151219192086,140.10529861338912,85,福島県喜多方市塩川町　御殿場一丁目,41.623,47
20251011,20251011,休日,ebfa5f94-7018-4e1e-a338-a82efec76d0b,花火大会(広域),37.926151219192086,140.10529861338912,86,福島県耶麻郡磐梯町大字磐梯,38.638,47
20251011,20251011,休日,ebfa5f94-7018-4e1e-a338-a82efec76d0b,花火大会(広域),37.926151219192086,140.10529861338912,87,秋田県大仙市大曲　上大町,173.017,47
20251011,20251011,休日,ebfa5f94-7018-4e1e-a338-a82efec76d0b,花火大会(広域),37.926151219192086,140.10529861338912,87,秋田県大仙市大曲　戸巻町,173.395,47
20251011,20251011,休日,ebfa5f94-7018-4e1e-a338-a82efec76d0b,花火大会(広域),37.926151219192086,140.10529861338912,88,神奈川県横浜市神奈川区六角橋,273.988,46
20251011,20251011,休日,ebfa5f94-7018-4e1e-a338-a82efec76d0b,花火大会(広域),37.926151219192086,140.10529861338912,89,山形県最上郡真室川町大字川ノ内,109.559,45
20251011,20251011,休日,ebfa5f94-7018-4e1e-a338-a82efec76d0b,花火大会(広域),37.926151219192086,140.10529861338912,89,山形県最上郡真室川町大字及位,119.358,45
20251011,20251011,休日,ebfa5f94-7018-4e1e-a338-a82efec76d0b,花火大会(広域),37.926151219192086,140.10529861338912,90,山形県西村山郡大江町大字左沢,51.655,45
20251011,20251011,休日,ebfa5f94-7018-4e1e-a338-a82efec76d0b,花火大会(広域),37.926151219192086,140.10529861338912,91,秋田県湯沢市若葉町,139.477,45
20251011,20251011,休日,ebfa5f94-7018-4e1e-a338-a82efec76d0b,花火大会(広域),37.926151219192086,140.10529861338912,92,福島県河沼郡会津坂下町字小川原,47.685,45
20251011,20251011,休日,ebfa5f94-7018-4e1e-a338-a82efec76d0b,花火大会(広域),37.926151219192086,140.10529861338912,92,福島県河沼郡会津坂下町大字中泉,46.422,45
20251011,20251011,休日,ebfa5f94-7018-4e1e-a338-a82efec76d0b,花火大会(広域),37.926151219192086,140.10529861338912,92,福島県河沼郡会津坂下町大字白狐,48.528,45
20251011,20251011,休日,ebfa5f94-7018-4e1e-a338-a82efec76d0b,花火大会(広域),37.926151219192086,140.10529861338912,93,山形県北村山郡大石田町大字大浦,80.393,45
20251011,20251011,休日,ebfa5f94-7018-4e1e-a338-a82efec76d0b,花火大会(広域),37.926151219192086,140.10529861338912,94,福島県耶麻郡猪苗代町大字川桁,42.951,44
20251011,20251011,休日,ebfa5f94-7018-4e1e-a338-a82efec76d0b,花火大会(広域),37.926151219192086,140.10529861338912,95,福島県二本松市下川崎,48.63,43
20251011,20251011,休日,ebfa5f94-7018-4e1e-a338-a82efec76d0b,花火大会(広域),37.926151219192086,140.10529861338912,96,福岡県北九州市小倉北区三萩野,946.195,43
20251011,20251011,休日,ebfa5f94-7018-4e1e-a338-a82efec76d0b,花火大会(広域),37.926151219192086,140.10529861338912,97,青森県北津軽郡鶴田町大字鶴田,316.099,42
20251011,20251011,休日,ebfa5f94-7018-4e1e-a338-a82efec76d0b,花火大会(広域),37.926151219192086,140.10529861338912,98,青森県上北郡野辺地町字石神裏,338.575,41
20251011,20251011,休日,ebfa5f94-7018-4e1e-a338-a82efec76d0b,花火大会(広域),37.926151219192086,140.10529861338912,99,山形県西置賜郡飯豊町大字添川,13.93,41
20251011,20251011,休日,ebfa5f94-7018-4e1e-a338-a82efec76d0b,花火大会(広域),37.926151219192086,140.10529861338912,99,山形県西置賜郡飯豊町大字高峰,16.768,41
20251011,20251011,休日,ebfa5f94-7018-4e1e-a338-a82efec76d0b,花火大会(広域),37.926151219192086,140.10529861338912,100,茨城県常陸太田市赤土町,147.835,41
